集数,作品ID,链接,发布时间,时长秒,点赞,评论,收藏,分享,账号阶段,标题,主题簇,选题母题,用户痛点,标题公式,开头钩子,前3秒近似口播,前30秒近似口播,核心主张,章节论证链,论证方式,节奏证据,预判质疑,结尾,行动/CTA,可迁移能力,事实风险,终审稿路径,证据定位,表层素材调用提示
1,7641876208291958051,https://www.douyin.com/video/7641876208291958051,,289.83,1952,20,951,337,early_1_13,把有限的钱和时间要花在正确的人和事上,财富_商业_执行,反常识/悖论 | 身份分层 | 概念命名 | 权威借力 | 现实场景 | 替观众反驳 | 类比可视化 | 短句重锤 | 行动方案 | 诗性升华,情绪被外界牵引、内耗而无法稳定行动,痛点或判断式标题,无论如何，都要对自己有用的人出手阔绰。,无论如何，都要对自己有用的人出手阔绰。每一分钱都该花在能够增值的,无论如何，都要对自己有用的人出手阔绰。每一分钱都该花在能够增值的人身上。这叫“社交投资思维”，也是穷人和富人最大的分水岭。听到这句话，肯定有人要在心里骂我势利眼了，觉得朋友之间谈钱、谈价值，太铜臭味了吧？但如果你真的把社交当成请客吃饭、凑个人场，那你大概率正在被一段又一段无效的关系慢慢榨干你的生命力。咱们先撕开一个特别残酷的社交假象。大多数人每天都在做一种“向下兼容式社交”。什么是向下兼容？就是下班后，跟一群只会抱怨公司制度的同事去撸串，喝两三百的酒；或者是给八百年不联系、甚至连你全名都快忘了的同学去随份子钱；又或,无论如何，都要对自己有用的人出手阔绰。每一分钱都该花在能够增值的人身上。这叫“社交投资思维”，也是穷人和富人最大的分水岭。,引言 → 向下兼容式社交：向下兼容式社交是在缴纳高昂的情绪维稳费，会消耗大脑运转总容量，影响深度思考和事业发展。 → 关系定价权：真正的顶级高手拥有关系定价权，他们会选择能互相增值的人作为朋友。 → 弱者思维：弱者思维表现为在不重要的人身上投入过多，而在重要的人身上却很吝啬。 → 社交投资的复利效应：社交投资的复利效应是指数级的，对所有人都好等于对所有人都不够好。 → 价值冷冻仓：给自己的社交圈装上价值冷冻仓，把时间和精力投资在关键人物或自己身上。,现代概念/研究 + 生活场景 + 类比意象,句数:56；短句重锤:33；反转词:11,绝不是因为老板请他喝了几顿大酒，而是因为那个知己能够精准地识别出他的核心价值，并且毫无保留地给他提供了一个能让才华成倍放大的杠杆平台。 | 社交投资从来不是教你变得冷血无情，而是教你在有限的生命里，把最大的温柔和阔绰，留给那些真正配得上你的人。,成年人的世界，维持关系是极其昂贵的。与其做一个谁都不得罪、但也谁都指望不上的烂好人，不如做一个目标极度清晰、懂得断舍离的清醒者。社交投资从来不是教你变得冷血无情，而是教你在有限的生命里，把最大的温柔和阔绰，留给那些真正配得上你的人。,,现实压力/行动冲突 + 强钩子；仅在赚钱、执行力主题选择性调用,投资/财务 | 医学/神经科学 | 历史/名言归属 | 羞辱/高压表达,01_最终完整文案/7641876208291958051.transcript.reviewed.md,终审稿:7641876208291958051.transcript.reviewed.md；开头、前3秒近似口播与前30秒近似口播均由终审稿起始段落定位,允许检索调用原句、例子、案例、比喻、个人故事、具体事实、数字、口头表达和原始顺序；保留素材ID与来源，事实性内容发布前核验。
2,7641622542096043299,https://www.douyin.com/video/7641622542096043299,,293.5,734,8,348,101,early_1_13,大脑不追求幸福，只追求控制感,财富_商业_执行,反常识/悖论 | 身份分层 | 权威借力 | 现实场景 | 替观众反驳 | 三级或清单 | 类比可视化 | 短句重锤 | 诗性升华,情绪被外界牵引、内耗而无法稳定行动,痛点或判断式标题,大脑不追求幸福，大脑只追求控制感。,大脑不追求幸福，大脑只追求控制感。绝大多数人都以为，自己过得不快,大脑不追求幸福，大脑只追求控制感。绝大多数人都以为，自己过得不快乐，是因为拥有得不够多。但真相是，你的大脑根本就不在乎你幸不幸福。它出厂时的默认设置只有三个任务：生存、预测，以及为了确保安全而控制一切。这种刻在基因里的生物本能，就是为什么就算你今天卡里存了一笔钱，安稳地躺在沙发上，依然会觉得胸口发闷、时刻焦虑，总觉得如果不做点什么、不抓住点什么，生活就会失控。如果不看透这个冰冷的出厂设置，你会永远像个被上足了发条的提线木偶，在想要拥有更多和恐惧随时失去之间疲于奔命。今天咱们就来彻底拆解一下这台控制我们喜怒哀乐的精密,大脑不追求幸福，大脑只追求控制感。绝大多数人都以为，自己过得不快乐，是因为拥有得不够多。但真相是，你的大脑根本就不在乎你幸不幸福。,,现代概念/研究 + 历史人物 + 生活场景 + 类比意象,句数:54；短句重锤:21；反转词:10,听到这儿你可能会反驳：“不对，别人昨天骂了我一句，我能气上整整三天，甚至记恨他大半年，这是为什么？ | 既然左脑的防御机制这么折磨人，难道我们就只能在这个死胡同里被困一辈子吗？ | 真正的幸福，从来不是把自己从这个世界里割裂出来，去争个你死我活的输赢，而是找回那种和万事万物深深相连的生命力。,生命这道题，从来不是看你最后能积攒多少战利品，也不是看你把名为生活的试卷填得有多么完美无瑕，而在于你是否真切地、毫无防备地感受过每一个当下的微风。别让那些过去的幽灵和未来的恐惧，偷走了你最纯粹的喜悦。把心智的遥控器拿回自己手里，去真切地体验今天吧。,,现实压力/行动冲突 + 强钩子；仅在赚钱、执行力主题选择性调用,医学/神经科学 | 绝对化承诺,01_最终完整文案/7641622542096043299.transcript.reviewed.md,终审稿:7641622542096043299.transcript.reviewed.md；开头、前3秒近似口播与前30秒近似口播均由终审稿起始段落定位,允许检索调用原句、例子、案例、比喻、个人故事、具体事实、数字、口头表达和原始顺序；保留素材ID与来源，事实性内容发布前核验。
3,7640860487919389978,https://www.douyin.com/video/7640860487919389978,,310.27,665,9,285,84,early_1_13,为什么你的计划总是一拖再拖？因为你把决定权交给了情绪！,财富_商业_执行,反常识/悖论 | 身份分层 | 概念命名 | 权威借力 | 现实场景 | 替观众反驳 | 三级或清单 | 类比可视化 | 短句重锤 | 行动方案 | 诗性升华,情绪被外界牵引、内耗而无法稳定行动,痛点或判断式标题,妓女从来不靠感觉接客，作家也从来不靠灵感写作。,妓女从来不靠感觉接客，作家也从来不靠灵感写作。你说你今天状态不行,妓女从来不靠感觉接客，作家也从来不靠灵感写作。你说你今天状态不行？不好意思，这个是你自己需要解决的问题，没有人管你状态好不好。听完这两句话，是不是觉得胸口发闷，甚至有点想反驳？如果这句话刚好戳中了你的痛处，让你脑子里瞬间闪过了无数个平时找借口的画面，那么接下来的这段拆解可能会彻底颠覆你的认知。它很冷酷，但绝对能帮你斩断那些阻碍你搞钱的致命内耗。仔细回想一下，你绝大多数的计划，是不是都毁在了一个字上：等。等天气晴朗，等心情平复，等大环境变好，等一个所谓的灵感大爆发。我们绝大多数人之所以过得极其普通，每天在温饱线上挣扎,妓女从来不靠感觉接客，作家也从来不靠灵感写作。你说你今天状态不行？不好意思，这个是你自己需要解决的问题，没有人管你状态好不好。,引言 → 底线交付力：底线交付力是指在情绪崩溃、状态极差时，仍能交出合格结果。 → 自我损耗：自我损耗是指人的意志力和大脑能量有限，容易在精神内耗中被消耗殆尽。 → 曾国藩的智慧：曾国藩信奉“结硬寨，打呆仗”，强调机械化执行，屏蔽不确定性。 → 对普通人的启示：普通人应避免逃避现实，心慈手软是奢侈品，拿结果说话才是底气。 → 结语,现代概念/研究 + 历史人物 + 生活场景 + 类比意象,句数:64；短句重锤:32；反转词:12,听完这两句话，是不是觉得胸口发闷，甚至有点想反驳？ | 仔细回想一下，你绝大多数的计划，是不是都毁在了一个字上：等。 | 我们绝大多数人之所以过得极其普通，每天在温饱线上挣扎，根本不是因为智商不够，而是因为我们把生存这件充满了血腥味和严肃感的大事，硬生生活成了一个看心情、凭状态的业,拿结果说话，才是你面对这个冷酷世界时最硬的底气。记住，日子永远是硬生生趟出来的，从来不是坐在椅子上等出来的。把执行力拉满，走出去，去拿回属于你的结果。,所以，从此刻开始，别再去测算自己今天的状态好不好，也别再问自己准备得够不够完美。 | 记住，日子永远是硬生生趟出来的，从来不是坐在椅子上等出来的。,现实压力/行动冲突 + 强钩子；仅在赚钱、执行力主题选择性调用,投资/财务 | 医学/神经科学 | 历史/名言归属 | 绝对化承诺 | 羞辱/高压表达,01_最终完整文案/7640860487919389978.transcript.reviewed.md,终审稿:7640860487919389978.transcript.reviewed.md；开头、前3秒近似口播与前30秒近似口播均由终审稿起始段落定位,允许检索调用原句、例子、案例、比喻、个人故事、具体事实、数字、口头表达和原始顺序；保留素材ID与来源，事实性内容发布前核验。
4,7640705928941161743,https://www.douyin.com/video/7640705928941161743,,308.63,44258,2059,23738,14492,early_1_13,反向的人性博弈才是取胜之道,财富_商业_执行,反常识/悖论 | 身份分层 | 概念命名 | 权威借力 | 现实场景 | 短句重锤 | 诗性升华,情绪被外界牵引、内耗而无法稳定行动,痛点或判断式标题,什么样的人适合炒股？,什么样的人适合炒股？翻遍索罗斯和达里奥的投资记录，你会发现一个秘,什么样的人适合炒股？翻遍索罗斯和达里奥的投资记录，你会发现一个秘密：他们从不提天赋，也不提出身。这两个人反复强调的只有一件事——在金钱游戏里，心态决定生死。你可能觉得这开头有点像是在熬鸡汤，谁不知道炒股心态重要？但大部分人根本不知道，华尔街顶级玩家嘴里所说的心态，其实是一套极其残忍的反人性防御机制。如果你在交易中一直赚不到钱，甚至总是在亏损的泥潭里挣扎，接下来的这几分钟请务必竖起耳朵，因为它会彻底撕开你账户缩水的真正原因。让我们先来看一个极其诡异，却每天都在散户身上上演的市场现象。为什么很多人一买进某只标的，只要盯,什么样的人适合炒股？翻遍索罗斯和达里奥的投资记录，你会发现一个秘密：他们从不提天赋，也不提出身。这两个人反复强调的只有一件事——在金钱游戏里，心态决定生死。,引言 → 散户的急躁心态：散户在交易中容易急躁，追求及时反馈的刺激感。 → 定力的重要性：真正成功的投资者需要具备定力，耐心等待市场犯错。 → 避免达克效应：避免达克效应，保持谦卑，只在有把握时出手。 → 控制情绪：控制情绪，关闭感性边缘系统，交由理性前额叶皮层接管。 → 逆向的自我杀伐：成功的交易员需要逆向自我杀伐，克服人性弱点。,传统文本 + 现代概念/研究 + 生活场景,句数:51；短句重锤:19；反转词:12,这句话是不是听着特别刺耳？ | ”能做到这种境界的人，并不是他们的大脑结构异于常人，天生没有喜怒哀乐，而是他们给自己的大脑安装了一道强悍的“情绪绝缘墙”。 | 把这几种特质串联起来看，你是不是突然惊出一身冷汗？,赢不了市场没关系，但你得先赢自己。那些能扛得住孤独、敢于承认无知，还能把情绪死死踩在脚下的人，哪怕他不那么绝顶聪明，财富也早晚会以时间复利的形式流进他的口袋。反之，如果性格里全是急躁和幻想，就算熟读了所有的交易理论，也依然逃不脱被市场收割的命运。,,现实压力/行动冲突 + 强钩子；仅在赚钱、执行力主题选择性调用,投资/财务 | 医学/神经科学 | 历史/名言归属 | 绝对化承诺 | 羞辱/高压表达,01_最终完整文案/7640705928941161743.transcript.reviewed.md,终审稿:7640705928941161743.transcript.reviewed.md；开头、前3秒近似口播与前30秒近似口播均由终审稿起始段落定位,允许检索调用原句、例子、案例、比喻、个人故事、具体事实、数字、口头表达和原始顺序；保留素材ID与来源，事实性内容发布前核验。
5,7640112676718333190,https://www.douyin.com/video/7640112676718333190,,247.57,666,10,274,113,early_1_13,月营业额 10w 的小店，实际能赚到的会「让人瞠目结舌」,财富_商业_执行,反常识/悖论 | 身份分层 | 概念命名 | 现实场景 | 替观众反驳 | 三级或清单 | 行动方案 | 诗性升华,关系中的期待、控制、误解或不安全感,痛点或判断式标题,你知道开一家月营业额10万的小店，最后钱进了谁的口袋吗？,你知道开一家月营业额10万的小店，最后钱进了谁的口袋吗？大概率不,你知道开一家月营业额10万的小店，最后钱进了谁的口袋吗？大概率不是你的。房东拿走一块，平台拿走一块，剩下的才轮到你。听着是不是像在浇冷水？但请先别急着反驳。如果你或者你身边的朋友正跃跃欲试，准备拿着辛苦攒下的几万、十几万去盘个店面，接下来的这几分钟请务必竖起耳朵听。因为我要给你揭开一个被无数高流水的朋友圈截图，死死掩盖住的财富黑洞。你有没有发现一个很诡异的现象？很多街边小店看着天天爆满，外卖小哥在门口挤成一团，老板每天忙到凌晨，但干了几年之后，不仅没买车买房，反而连个像样的存款都拿不出来。钱到底去哪儿了？这就引出了,你知道开一家月营业额10万的小店，最后钱进了谁的口袋吗？大概率不是你的。房东拿走一块，平台拿走一块，剩下的才轮到你。,引言 → 利润截胡陷阱：很多初次创业的人只看营业额，实际上是在为房东和平台打工。 → 房东：房东会在生意好时提高租金，吸走增量价值。 → 外卖平台：外卖平台抽佣高，导致综合成本高，亏钱速度快。 → 避坑建议：计算租金占比和综合负重，避免成为别人的筹码。,生活场景,句数:52；短句重锤:28；反转词:9,听着是不是像在浇冷水？ | 开店做生意最怕的不是没人流，而是你把人流做起来之后，发现自己只是别人谈判桌上的筹码。,所以，无论是准备拿着真金白银入局的新手，还是正在纠结要不要加大外卖投入的老板，先别管那张流水单有多好看，静下心来把这两道题算清楚。创业是为了让自己拿回生活的掌控权。别熬光了身体，最后却发现自己只是给别人打了一场轰轰烈烈的长工。,,现实压力/行动冲突 + 强钩子；仅在赚钱、执行力主题选择性调用,投资/财务 | 历史/名言归属,01_最终完整文案/7640112676718333190.transcript.reviewed.md,终审稿:7640112676718333190.transcript.reviewed.md；开头、前3秒近似口播与前30秒近似口播均由终审稿起始段落定位,允许检索调用原句、例子、案例、比喻、个人故事、具体事实、数字、口头表达和原始顺序；保留素材ID与来源，事实性内容发布前核验。
6,7639726333802679590,https://www.douyin.com/video/7639726333802679590,,348.91,36267,1090,9351,14839,early_1_13,《以日为鉴》这本书，真心建议大家认真看看,财富_商业_执行,反常识/悖论 | 身份分层 | 概念命名 | 权威借力 | 现实场景 | 替观众反驳 | 短句重锤 | 诗性升华,情绪被外界牵引、内耗而无法稳定行动,痛点或判断式标题,父母逼着考公务员，是在救你，还是在害你？,父母逼着考公务员，是在救你，还是在害你？去年国考，三千人抢一个岗,父母逼着考公务员，是在救你，还是在害你？去年国考，三千人抢一个岗位。所有人都觉得，只要上了岸，这辈子就稳了。但有个国家已经用40年时间证明：当所有人都觉得安全的地方，恰恰是最危险的。这个国家就是日本。历史总是惊人地相似。那些曾经在另一片土地上上演过的残酷现实，正在以极其隐蔽的形变，在我们的生活里重播。为什么一个拼命追求绝对稳定的社会，最终却催生出了一大批找不到出路、被抛弃的迷茫一代？这里，我们要引入一个我称之为“羊群安全错觉”的概念。人类在面对未知的焦虑时，大脑会本能地启动一种防御机制，觉得人越多的地方就一定越安全,父母逼着考公务员，是在救你，还是在害你？去年国考，三千人抢一个岗位。所有人都觉得，只要上了岸，这辈子就稳了。,引言 → 羊群安全错觉：人类面对未知焦虑时，会认为人多的地方更安全，形成羊群安全错觉。 → 铁饭碗的真相：经济繁荣时，体制内工资低，被鄙视；经济泡沫破裂后，体制内成为避风港，吸引大量年轻人，但很快失去吸引力。 → 学历通胀反噬：学历通胀反噬，高学历者就业难，成为主流职场门外汉。 → 破局方法：跳出存量市场，寻找增量，如出海新兴市场。 → 结语,现代概念/研究 + 生活场景,句数:73；短句重锤:36；反转词:13,听到这儿，你是不是觉得这画面熟悉得让人后背发凉？ | 铁饭碗之所以铁，从来不是因为那个碗是不锈钢做的，而是因为里面曾经装满了丰富的粮食。 | 难道是因为他们不够拼命吗？,看清真相，是为了让你不再盲目地被羊群裹挟。与其闭着眼睛往那个看似安全、实则正在崩塌的深坑里跳，不如现在就睁开眼，去看看这个世界真正稀缺的是什么，找准你的增量场。哪怕一开始充满未知，也比在一个注定沉没的系统里抢夺最后一张船票，要清醒得多。,,现实压力/行动冲突 + 强钩子；仅在赚钱、执行力主题选择性调用,投资/财务 | 医学/神经科学 | 历史/名言归属 | 绝对化承诺,01_最终完整文案/7639726333802679590.transcript.reviewed.md,终审稿:7639726333802679590.transcript.reviewed.md；开头、前3秒近似口播与前30秒近似口播均由终审稿起始段落定位,允许检索调用原句、例子、案例、比喻、个人故事、具体事实、数字、口头表达和原始顺序；保留素材ID与来源，事实性内容发布前核验。
7,7639313715996691762,https://www.douyin.com/video/7639313715996691762,,278.51,70407,2074,15546,28361,early_1_13,财富不看智商，只看这一件事,财富_商业_执行,反常识/悖论 | 身份分层 | 概念命名 | 权威借力 | 现实场景 | 替观众反驳 | 短句重锤 | 诗性升华,情绪被外界牵引、内耗而无法稳定行动,痛点或判断式标题,当你账户里躺着180万现金，开一辆25万的车，住在120平的全款房里，你的日常生活其实已经和那些富豪没有太大区别了。,当你账户里躺着180万现金，开一辆25万的车，住在120平的全款,当你账户里躺着180万现金，开一辆25万的车，住在120平的全款房里，你的日常生活其实已经和那些富豪没有太大区别了。千万别急着反驳，也别觉得这是在画大饼。听完这句话，你可能马上会在心里盘算：人家出门前呼后拥，一顿饭顶我半个月工资，这怎么比？请给我几分钟时间。咱们今天不灌任何鸡汤，就纯粹从“人类肉体出厂设置”的角度，来算一笔极其理智的客观账。算完之后，你的消费焦虑起码能被治好一大半。你仔细琢磨一下，不管你卡里是几个零，人类这副肉体对物质享受的吸收能力，其实低得令人发指。就拿睡觉来说，你花几千块钱买个支撑力足够、透气性,当你账户里躺着180万现金，开一辆25万的车，住在120平的全款房里，你的日常生活其实已经和那些富豪没有太大区别了。千万别急着反驳，也别觉得这是在画大饼。听完这句话，你可能马上会在心里盘算：人家出门前呼后拥，一顿饭顶我半个月工资，这怎么比？,引言 → 物质享受的极限：人类肉体对物质享受的吸收能力有限，高消费带来的快乐差距不大。 → 享乐跑步机效应：享乐跑步机效应导致人们不断追求更高消费，以维持兴奋感，但实际上是一种惩罚。 → 绝对生活主权：绝对生活主权意味着无债一身轻，拥有足够的现金储备，能够掌控自己的时间。 → 结语：避免消费升级陷阱，珍惜健康和家庭时光，掌控自己的时间，成为真正的赢家。,现代概念/研究 + 生活场景,句数:53；短句重锤:19；反转词:5,真正顶级的富足，从来不是你名下拥有多少串数字，而是你能不能绝对掌控自己的时间，能不能对让你不舒服的要求，硬气地说一声“不”。,别再去看别人晒了什么。给自己泡杯热茶，好好感受这个清晨的微风。在这场人生的长跑里，只要你不欠任何人，不惧任何突发状况，其实你早就已经是那个真正的赢家了。,,现实压力/行动冲突 + 强钩子；仅在赚钱、执行力主题选择性调用,投资/财务 | 医学/神经科学 | 历史/名言归属 | 绝对化承诺,01_最终完整文案/7639313715996691762.transcript.reviewed.md,终审稿:7639313715996691762.transcript.reviewed.md；开头、前3秒近似口播与前30秒近似口播均由终审稿起始段落定位,允许检索调用原句、例子、案例、比喻、个人故事、具体事实、数字、口头表达和原始顺序；保留素材ID与来源，事实性内容发布前核验。
8,7638975546461785384,https://www.douyin.com/video/7638975546461785384,,293.44,4425,36,1802,470,early_1_13,什么是弱者着相，强者破相，智者无相？,财富_商业_执行,反常识/悖论 | 身份分层 | 概念命名 | 权威借力 | 现实场景 | 替观众反驳 | 三级或清单 | 类比可视化 | 短句重锤 | 诗性升华,情绪被外界牵引、内耗而无法稳定行动,痛点或判断式标题,什么是弱者着相、强者破相、智者无相？,什么是弱者着相、强者破相、智者无相？我们总是习惯性用固化的世俗标,什么是弱者着相、强者破相、智者无相？我们总是习惯性用固化的世俗标准给世间万物下定义，用局部特征框定事物的全部本质，却从未追问过事物的本来面目。着相的核心，是把表象当成本质，把执念当成底线，把外界的评价当成自我的标尺，最终沦为情绪的奴隶。听到这段话，你可能会觉得有一点点烧脑。但请你先别急着划走。接下来的这几分钟，我会帮你彻底拆解这三个看似高深，却每天都在潜移默化操控你人生的核心概念。听懂了，你就能从每天的纠结和内耗里，直接拔高一个维度的认知。你有没有发现，生活中绝大多数的痛苦，其实都是我们自己找的？我们先来聊聊大多数,什么是弱者着相、强者破相、智者无相？我们总是习惯性用固化的世俗标准给世间万物下定义，用局部特征框定事物的全部本质，却从未追问过事物的本来面目。着相的核心，是把表象当成本质，把执念当成底线，把外界的评价当成自我的标尺，最终沦为情绪的奴隶。,引言 → 弱者着相：把表象当成本质，把执念当成底线，把外界的评价当成自我的标尺，最终沦为情绪的奴隶。 → 强者破相：看透表象背后的客观规律，并且为我所用，不困于当下的情绪，不至于眼前的得失，永远只聚焦在核心目标上。 → 智者无相：连我要赢，我要遵守规律的那个念头，都彻底消散了，心里连一根钩子都没有，世间的繁杂自然也就挂不住你。 → 结语：人生是一个不断破相，最终抵达无相的过程，放下执念，守住本心，获得自由。,现代概念/研究 + 生活场景 + 类比意象,句数:63；短句重锤:35；反转词:7,听到这段话，你可能会觉得有一点点烧脑。 | 你仔细品一下，你现在生活里的那些焦虑、愤怒和委屈，是不是也是因为你太在意别人眼里投射出来的那个“相”了？ | 听到这里，你是不是觉得已经足够无敌了？,别再拿外界那把破尺子，去丈量你自己原本无限的人生了。去体验，去觉醒。在这个喧嚣的世界里，干干净净地、通透地活出你原本的样子吧。,,现实压力/行动冲突 + 强钩子；仅在赚钱、执行力主题选择性调用,医学/神经科学 | 宗教/传统概念 | 绝对化承诺 | 羞辱/高压表达,01_最终完整文案/7638975546461785384.transcript.reviewed.md,终审稿:7638975546461785384.transcript.reviewed.md；开头、前3秒近似口播与前30秒近似口播均由终审稿起始段落定位,允许检索调用原句、例子、案例、比喻、个人故事、具体事实、数字、口头表达和原始顺序；保留素材ID与来源，事实性内容发布前核验。
9,7638664477021326643,https://www.douyin.com/video/7638664477021326643,,285.1,2545,114,1033,167,early_1_13,天赋是可以练出来的，尝试用左手做你擅长的所有事,行动_系统_能力,反常识/悖论 | 权威借力 | 现实场景 | 替观众反驳 | 三级或清单 | 类比可视化 | 短句重锤 | 行动方案 | 诗性升华,情绪被外界牵引、内耗而无法稳定行动,痛点或判断式标题,天赋是可以练出来的。,天赋是可以练出来的。尝试用左手吃饭、刷牙，这些行为听起来很荒谬，,天赋是可以练出来的。尝试用左手吃饭、刷牙，这些行为听起来很荒谬，对不对？但我要告诉你，这恰恰是打破天赋迷信最直接的方式。你可能会想，我都这么大人了，为什么还要去折腾这种吃力不讨好的事？但请给我几分钟。接下来，我不仅会帮你撕碎“天赋论”的骗局，还会告诉你一套改变我一生的方法论。你有没有发现一个很绝望的现象？很多人一遇到瓶颈，或者接触新东西觉得吃力，第一反应就是：“我没天赋，算了吧。”可是，究竟什么是天赋？你真的以为那是出厂设置里写死的代码吗？真相极其残酷。所谓没天赋，很多时候只是因为你的大脑在偷懒。我们来拆解一下。你,天赋是可以练出来的。尝试用左手吃饭、刷牙，这些行为听起来很荒谬，对不对？但我要告诉你，这恰恰是打破天赋迷信最直接的方式。,引言 → 天赋的真相：很多人认为自己没天赋是因为大脑在偷懒，控制右手的左半脑经过高频使用，神经元之间的连接已经变成了一条8车道的高速公路，而控制左手的右半脑则是一片长满荒草的无人区。 → 神经逆练：神经逆练是故意制造阻力，强行征用最不习惯的感官和肢体，去倒逼大脑开辟新的通路。 → 认知跨界溢出：神经逆练带来的最可怕的红利叫做认知跨界溢出，改变的不仅是手的灵活度，还有整个思维路径。 → 打破天赋论：99%的人被天赋论深度洗脑，大脑天生是趋利避害的节能机器，会释放出焦虑烦躁的情绪，试图把你拉回舒适区。 → 结语：从今天开始把一切理所当然的动作反过来，拥抱不协调，享受不适感，你会发现你的极限远比你想象的要深邃的多。,现代概念/研究 + 生活场景 + 类比意象,句数:68；短句重锤:41；反转词:11,你可能会想，我都这么大人了，为什么还要去折腾这种吃力不讨好的事？ | 并不是因为人类基因遗传，而是因为控制右手的左半脑，经过你几十年的高频使用，神经元之间的连接已经变成了一条八车道的高速公路，信号嗖的一下就过去了，毫不费力。 | 它根本不是你在退步，而是你的大脑正在重新生长。,笨拙从来不是成长的绊脚石，它是进化的入场券。去行动吧，去试着打破一次偏见，让你的大脑重新年轻一次。你会发现，你的极限远比你想象的要深邃得多。,下一顿饭，试着用左手拿起勺子；明天早上，换左手去拧开水龙头；甚至在开门的时候，刻意换一只手去插钥匙。 | 去行动吧，去试着打破一次偏见，让你的大脑重新年轻一次。,现实压力/行动冲突 + 强钩子；仅在赚钱、执行力主题选择性调用,医学/神经科学 | 绝对化承诺,01_最终完整文案/7638664477021326643.transcript.reviewed.md,终审稿:7638664477021326643.transcript.reviewed.md；开头、前3秒近似口播与前30秒近似口播均由终审稿起始段落定位,允许检索调用原句、例子、案例、比喻、个人故事、具体事实、数字、口头表达和原始顺序；保留素材ID与来源，事实性内容发布前核验。
10,7638280761396710682,https://www.douyin.com/video/7638280761396710682,,259.97,153,6,57,75,early_1_13,被刻意隐藏的审美真相，全景式病态陷阱,财富_商业_执行,反常识/悖论 | 现实场景 | 替观众反驳 | 三级或清单 | 类比可视化 | 短句重锤 | 行动方案 | 诗性升华,情绪被外界牵引、内耗而无法稳定行动,痛点或判断式标题,你知道以前为什么要让女人缠足吗？,你知道以前为什么要让女人缠足吗？教科书会告诉你，是为了把女人锁在,你知道以前为什么要让女人缠足吗？教科书会告诉你，是为了把女人锁在家里，是为了让她们走不远、跑不掉、依附男人。这个答案只对了一半。真正让我脊背发凉的，是另一个被刻意藏起来的版本：一个女人的脚骨被硬生生折断、裹紧之后，她这一辈子都没办法正常受力行走。为了不摔倒，她整个下半身的肌肉群会长期处于一种畸形的紧绷代偿状态。我不把话说得太透，但你仔细品品背后的逻辑。缠足从来就不只是什么扭曲的审美，它是一整套极其精密的、对女性身体的物理私有化改造。它的终极目的，是把一个活生生的人驯化成一件更方便控制、更趁手的工具。如果你觉得这件事,你知道以前为什么要让女人缠足吗？教科书会告诉你，是为了把女人锁在家里，是为了让她们走不远、跑不掉、依附男人。这个答案只对了一半。,引言：教科书认为缠足是为了把女人锁在家里，依附男人。 → 缠足的真相：缠足是对女性身体的物理私有化改造，目的是把女人驯化成工具。 → 生命力质押：少女感身材以疯狂损耗基础生命力为代价，是生命力质押。 → 全景式监狱：女孩追求的是被评价体系接纳，这是全景式监狱。 → 审美脱钩：执行审美脱钩程序，问自己是否会为了取悦自己忍受痛苦。 → 结语：真正高级的美是健康、有生命力，不浪费精力在迎合别人的凝视上。,现代概念/研究 + 生活场景 + 类比意象,句数:47；短句重锤:18；反转词:10,很多女孩拼死拼活追求的根本不是变美，而是渴望被评价体系接纳。 | 你现在去照镜子，你眼里看到的根本不是你自己，而是那个挑剔你身材的前男友，是隔壁工位那个天天炫耀马甲线的女同事，甚至是网上某个加了十层滤镜的网红博主。 | 因为你做的这一切根本不是追求美，而是极其廉价的服从。,记住，你的身体是你这辈子在这个世界上开的唯一一家无限责任公司。不把任何精力浪费在迎合别人的凝视上，按时吃饭、早睡早起，把锻炼出来的体力全部用来提升自己的赚钱技能和生存壁垒。守住你的健康底盘，拿回定义你自己的那支笔，才是成年人最清醒的长期投资。,教你一个极其粗暴的自检代码：下次你再想去打什么瘦脸针，买什么勒得喘不过气的束腰带，或者逼自己吃猫食的时候，你先停下来问自己一句话：如果我明天就被流放到一个荒岛上，没有任何人会看到我，我还会为了取悦自己 | 记住，你的身体是你这辈子在这个世界上开的唯一一家无限责任公司。,现实压力/行动冲突 + 强钩子；仅在赚钱、执行力主题选择性调用,投资/财务 | 医学/神经科学 | 历史/名言归属 | 绝对化承诺 | 羞辱/高压表达,01_最终完整文案/7638280761396710682.transcript.reviewed.md,终审稿:7638280761396710682.transcript.reviewed.md；开头、前3秒近似口播与前30秒近似口播均由终审稿起始段落定位,允许检索调用原句、例子、案例、比喻、个人故事、具体事实、数字、口头表达和原始顺序；保留素材ID与来源，事实性内容发布前核验。
11,7637924826572705065,https://www.douyin.com/video/7637924826572705065,,247.94,353,5,126,62,early_1_13,赚钱的模式，在这个世界上只有四种，你是哪一种,财富_商业_执行,反常识/悖论 | 身份分层 | 概念命名 | 权威借力 | 现实场景 | 三级或清单 | 短句重锤 | 诗性升华,资源不足、结果焦虑与现实上升压力,痛点或判断式标题,月薪三万的人和月薪三千的人，其实没什么区别。,月薪三万的人和月薪三千的人，其实没什么区别。这个世界上所有的职业,月薪三万的人和月薪三千的人，其实没什么区别。这个世界上所有的职业，本质上只有四种：小姐、强盗、小偷、马扁。别急着骂我，听我把话说完。咱们先来看第一种：小姐模式。听着不好听，但底层逻辑极其干净，就是客户心甘情愿掏钱。你去小店吃碗面，十五块钱，你坐下来就是认可这个价。你在网上下个单，外卖小哥风里雨里把饭送到你手上，这叫明码标价、按劳分配。大部分打工人和小老板干的都是这个。但这套模式有个致命的缺陷，我管它叫“生理性天花板”。为什么这么说？因为你卖的是时间和体力。一个理发师手艺再好，一天最多剪三十个头；一个程序员代码写得再,月薪三万的人和月薪三千的人，其实没什么区别。这个世界上所有的职业，本质上只有四种：小姐、强盗、小偷、马扁。别急着骂我，听我把话说完。,,现代概念/研究 + 生活场景,句数:62；短句重锤:41；反转词:2,,你应该把精力用在如何跳出卖时间的陷阱，去寻找哪怕只有一点点信息差的马扁模式，或者去搭建一个属于自己的资源壁垒。记住，在这个残酷的草莽世界里，你的体力永远是最廉价的。只有看懂了这套吃人的商业底层规律，把赚辛苦钱的思维切换成搞流量和赚差价的套路，你才能拿到人生翻盘的入场券。,如果你现在每天下班后，还在抱怨老板抠门、同行内卷，我劝你立刻停下来，不要再用低效的时间去死磕微薄的死工资了。 | 记住，在这个残酷的草莽世界里，你的体力永远是最廉价的。,现实压力/行动冲突 + 强钩子；仅在赚钱、执行力主题选择性调用,医学/神经科学 | 绝对化承诺 | 羞辱/高压表达,01_最终完整文案/7637924826572705065.transcript.reviewed.md,终审稿:7637924826572705065.transcript.reviewed.md；开头、前3秒近似口播与前30秒近似口播均由终审稿起始段落定位,允许检索调用原句、例子、案例、比喻、个人故事、具体事实、数字、口头表达和原始顺序；保留素材ID与来源，事实性内容发布前核验。
12,7637487731915918598,https://www.douyin.com/video/7637487731915918598,,244.69,195,4,83,82,early_1_13,富裕家庭向下托举 贫穷家庭向上回报 无德养愚孝 愚孝出恶老,家庭_关系_情感,现实场景 | 三级或清单 | 短句重锤 | 诗性升华,情绪被外界牵引、内耗而无法稳定行动,痛点或判断式标题,凡是把老人摆在很高位置的普通家庭，基本上都会走下坡路。,凡是把老人摆在很高位置的普通家庭，基本上都会走下坡路。在传统观念,凡是把老人摆在很高位置的普通家庭，基本上都会走下坡路。在传统观念里，孝是天经地义的，这个是没错。但是不能以老人为核心，相反，必须要以下一代、以年轻的一代为核心去经营家庭。你听完这话，可能觉得我大逆不道，觉得这是在挑战咱们几千年的伦理道德。但你应该反过来想一想，如果你出生在一个非富即贵的大家族，长辈手里握着大把的资源、人脉和现成的商业版图，那你听老人的安排绝对没错，那叫少走三十年弯路。可如果你只是一个在这个城市里艰难扎根、每天精打细算过日子的普通打工人，当你把家里最稀缺的钱、精力和话语权，全部围着老人的面子和旧习惯打,凡是把老人摆在很高位置的普通家庭，基本上都会走下坡路。在传统观念里，孝是天经地义的，这个是没错。但是不能以老人为核心，相反，必须要以下一代、以年轻的一代为核心去经营家庭。,引言：普通家庭应以年轻一代为核心经营家庭，而非以老人为核心。 → 家庭资源的逆向消耗：普通家庭资源有限，满足老人执念会导致家庭资源逆向消耗。 → 话语权的极度错位：老人认知过时，话语权错位会扼杀年轻人的前途。 → 代际内耗：以老人为核心的运转模式会引发代际内耗，导致家庭陷入泥潭。 → 真正的孝道：孝顺不等于顺从，真正的孝道是为老人提供更好的生活。 → 结语：普通家庭应投资下一代教育和中间力量认知破圈，摆脱旧道德绑架。,生活场景,句数:47；短句重锤:15；反转词:3,,把方向盘死死握在那个还在不断学习、还在外面赚钱的人手里。不要再被沉重的旧道德绑架了。把你有限的精力和筹码，永远投向那个代表着未来的增量市场，才是成年人对自己、对整个家族最负责任的交代。,对长辈那些不合时宜的建议，左耳进、右耳出，彻底剥夺他们对家庭重大事项的决策权。,现实压力/行动冲突 + 强钩子；仅在赚钱、执行力主题选择性调用,投资/财务 | 医学/神经科学 | 绝对化承诺,01_最终完整文案/7637487731915918598.transcript.reviewed.md,终审稿:7637487731915918598.transcript.reviewed.md；开头、前3秒近似口播与前30秒近似口播均由终审稿起始段落定位,允许检索调用原句、例子、案例、比喻、个人故事、具体事实、数字、口头表达和原始顺序；保留素材ID与来源，事实性内容发布前核验。
13,7642220065483492643,https://www.douyin.com/video/7642220065483492643,,276.1,217,2,97,27,early_1_13,为什么说只要开始“输出”，你的人生效率就能暴涨十倍？,行动_系统_能力,反常识/悖论 | 身份分层 | 概念命名 | 权威借力 | 现实场景 | 替观众反驳 | 三级或清单 | 短句重锤 | 行动方案 | 诗性升华,情绪被外界牵引、内耗而无法稳定行动,痛点或判断式标题,建议普通人都尽量去做认知型博主。,建议普通人都尽量去做认知型博主。说一个暴论：真正适合普通人的，只,建议普通人都尽量去做认知型博主。说一个暴论：真正适合普通人的，只有认知型口播博主。这句话听起来是不是有点离经叛道？大家都在卷颜值、卷搞笑、卷擦边，凭什么我敢说，只有拼脑子的认知赛道，才是普通人唯一的破局点？因为认知创作，才能让人飞速迭代。很多人的工作是消耗型劳动，不仅学不到东西，还容易把身体搞垮。先来做一个极其扎心的自我审视：你现在每天起早贪黑地工作，到底是在给自己积累资产，还是在进行纯粹的消耗型出卖？绝大多数普通人的努力，其实只是在出卖体力或者熟练度。这种劳动极其可怕，干一天拿一天的钱，只要你停下，收益立刻归零。,建议普通人都尽量去做认知型博主。说一个暴论：真正适合普通人的，只有认知型口播博主。这句话听起来是不是有点离经叛道？,引言 → 认知创作让人飞速迭代：认知创作能让人飞速迭代，好的工作应自带杠杆，做认知输出是为人生打造思维复利引擎。 → 输出倒逼输入：输出倒逼输入，把深度思考与流量、个人IP挂钩，激发求知欲。 → 拥有全息数字名片：自媒体账号是大脑操作系统的全息投影，具有降维说服力。 → 认知赛道的粉丝粘性：认知赛道粉丝粘性高，建立在价值观认同上的信任资产是坚实底盘。 → 结语：普通人应开辟输出阵地，记录成长，分享顿悟，用创作者的生命轨迹验证生存法则。,现代概念/研究 + 历史人物 + 生活场景,句数:51；短句重锤:23；反转词:12,这句话听起来是不是有点离经叛道？ | ”真正的智慧，从来不是坐在书桌前空想出来的，而是在真实的破局里、在具体的输出阻力中死磕出来的。 | 听到这儿，你可能会本能地退缩：“我又不是什么大牛，万一发了没人看怎么办？,这不是一口“毒打社会”的鸡汤，而是用无数创作者的生命轨迹验证过的生存法则。记住，博主的身份从来不是人生的终点，它只是一把极其锋利的破局工具。当你真正握紧这把工具，去对抗自身的懒惰和混沌时，你会发现，你不仅积累了丰厚的社会资本，更是悄悄为自己的人生开启了十倍速的作弊模式。,所以，强烈建议每一个普通人在这个时代为自己开辟一个输出阵地。 | 记住，博主的身份从来不是人生的终点，它只是一把极其锋利的破局工具。,现实压力/行动冲突 + 强钩子；仅在赚钱、执行力主题选择性调用,投资/财务 | 医学/神经科学 | 历史/名言归属 | 绝对化承诺,01_最终完整文案/7642220065483492643.transcript.reviewed.md,终审稿:7642220065483492643.transcript.reviewed.md；开头、前3秒近似口播与前30秒近似口播均由终审稿起始段落定位,允许检索调用原句、例子、案例、比喻、个人故事、具体事实、数字、口头表达和原始顺序；保留素材ID与来源，事实性内容发布前核验。
14,7642250423872638223,https://www.douyin.com/video/7642250423872638223,,335.12,214,2,105,23,transition_14_30,如何找到你真正想做的事情？找到你热爱的事情，不亚于找到你自己,财富_商业_执行,身份分层 | 权威借力 | 现实场景 | 替观众反驳 | 三级或清单 | 类比可视化 | 短句重锤 | 行动方案 | 诗性升华,情绪被外界牵引、内耗而无法稳定行动,痛点或判断式标题,你有没有真正想做的事？,你有没有真正想做的事？其实你拼命地刷短视频，是想找到真正的自己，,你有没有真正想做的事？其实你拼命地刷短视频，是想找到真正的自己，想找到一套能够落地的人生公式。而你刷到这条视频，是不是手机刚好电量不足30%？那请你先收藏这条视频，因为我只需要你花一个晚上的时间，就能带你找到你的天命所归。我们要做的，绝不是一次随意的睡前反思。接下来你要听到的，是一套被彼得·德鲁克等全球顶尖管理学大师反复验证过的“人生北极星模型”。它极其硬核，绝对能撕开你眼前的迷雾。这个模型的核心可以用三个圈来概括：喜欢的事情，乘以擅长的事情，再乘以重要的事情。它们重叠的那个超级靶心，就是你这辈子干了就一定会成功的,你有没有真正想做的事？其实你拼命地刷短视频，是想找到真正的自己，想找到一套能够落地的人生公式。而你刷到这条视频，是不是手机刚好电量不足30%？,引言 → 人生北极星模型：人生北极星模型，核心是喜欢的事情、擅长的事情和重要的事情的交集。 → 喜欢的事情：真正的喜欢是求知饥渴，是内心的驱动力。 → 擅长的事情：擅长的事情是天生的出场设置，是不依赖后天学习的直觉和能力。 → 重要的事情：重要的事情是终极价值观，是你想过的生活。 → 实践步骤：通过价值观、出场设置和求知饥渴三个方面，找到真正想做的事情。 → 结语,传统文本 + 现代概念/研究 + 生活场景 + 类比意象,句数:73；短句重锤:41；反转词:12,而你刷到这条视频，是不是手机刚好电量不足30%？ | 它不是你已经被社会规训出来的本领，而是那些哪怕不给你一分钱，你也愿意像海绵吸水一样去疯狂探索的领域。 | 在之前一系列的问题后，你是不是觉得脑子里跳出了很多杂乱的词汇？,只要你敢于对自己进行这场毫不留情的诚实解剖，哪怕一开始只有微弱的回音，那也是你生命里最真实的脉搏。别等了。就今晚，去找出那个只属于你的答案。,,人物故事/历史镜像 + 现实方法论；适合故事型认知稿,医学/神经科学 | 历史/名言归属 | 绝对化承诺,01_最终完整文案/7642250423872638223.transcript.reviewed.md,终审稿:7642250423872638223.transcript.reviewed.md；开头、前3秒近似口播与前30秒近似口播均由终审稿起始段落定位,允许检索调用原句、例子、案例、比喻、个人故事、具体事实、数字、口头表达和原始顺序；保留素材ID与来源，事实性内容发布前核验。
15,7642692521780464936,https://www.douyin.com/video/7642692521780464936,,232.71,1962,37,737,1921,transition_14_30,为什么外部的“善意提醒”，是婚姻最大的杀手？,家庭_关系_情感,反常识/悖论 | 现实场景 | 三级或清单 | 短句重锤 | 诗性升华,情绪被外界牵引、内耗而无法稳定行动,痛点或判断式标题,我和老婆有个规定：谁要是让我们之间产生间隙，这个人就直接出局，包括双方父母。,我和老婆有个规定：谁要是让我们之间产生间隙，这个人就直接出局，包,我和老婆有个规定：谁要是让我们之间产生间隙，这个人就直接出局，包括双方父母。不是不孝，是因为我们算过这笔账：家里任何一次内耗，背后都有一个真实的数字在流走。我见过很多刚结婚的夫妻，两个人其实没什么大矛盾，工作各有前途，对未来也有想法。结果过了三五年回头看，好像什么也没做成。不是因为懒，是因为那几年的精力全填进去了：填进了双方父母的意见缝隙里，填进了各自朋友的“善意提醒”里，填进了一次次说不清谁对谁错的争吵里。我有个同事，两口子都是普通上班族，收入不高，但攒钱很稳。结婚第二年，他们看中了附近一个商铺，租金便宜，地段将,我和老婆有个规定：谁要是让我们之间产生间隙，这个人就直接出局，包括双方父母。不是不孝，是因为我们算过这笔账：家里任何一次内耗，背后都有一个真实的数字在流走。我见过很多刚结婚的夫妻，两个人其实没什么大矛盾，工作各有前途，对未来也有想法。,引言 → 案例分享：同事夫妻因外部意见导致错过商铺投资机会，损失两周时间。 → 信息与情绪的区分：要区分信息和情绪，信息值得核实，情绪则毫无价值。 → 非利益相关方的影响：家庭重大决策被推迟或搁置的首要原因是卷入过多非利益相关方。 → 建立沟通的边界：建立沟通边界，只在两人之间讨论重要决策，避免外部声音干扰。 → 结语：守住关系是现实的，只有双方共同承担风险，感情才会更好。,现代概念/研究 + 生活场景,句数:53；短句重锤:30；反转词:16,他们在讨论妻子的哥哥可不可信，讨论万一真的拆了怎么办，讨论对方是不是在故意拖延。 | 麦肯锡有一项针对双职工家庭的研究，追踪了大量样本后发现：家庭重大决策被推迟或搁置的首要原因，不是信息不足，而是决策过程中卷入了过多非利益相关方。,那些在你们争吵过程中路过、发表过意见的人，不会记得他们说过什么，但那个机会窗口关了，就是关了。有人说，感情好的夫妻才能做到这一点。我觉得反过来才对：做到这一点的夫妻，感情才会真的好。,,人物故事/历史镜像 + 现实方法论；适合故事型认知稿,历史/名言归属 | 绝对化承诺,01_最终完整文案/7642692521780464936.transcript.reviewed.md,终审稿:7642692521780464936.transcript.reviewed.md；开头、前3秒近似口播与前30秒近似口播均由终审稿起始段落定位,允许检索调用原句、例子、案例、比喻、个人故事、具体事实、数字、口头表达和原始顺序；保留素材ID与来源，事实性内容发布前核验。
16,7643072492197727503,https://www.douyin.com/video/7643072492197727503,,307.14,173,3,67,40,transition_14_30,到底攒多少钱可以不上班,财富_商业_执行,反常识/悖论 | 现实场景 | 三级或清单 | 短句重锤 | 行动方案 | 诗性升华,关系中的期待、控制、误解或不安全感,痛点或判断式标题,攒够五十万，觉得一百万才安全；攒到一百万，又开始担心通胀。,攒够五十万，觉得一百万才安全；攒到一百万，又开始担心通胀。你以为,攒够五十万，觉得一百万才安全；攒到一百万，又开始担心通胀。你以为是自己贪，其实这是一种心理机制。今天一个视频说透它。刚工作时，觉得攒够五十万就自由了。五十万到账，突然觉得一百万才稳；一百万存进去，开始担心通胀、担心生病、担心父母，数字变成了一百五十万。这不是你意志力不够，这是一种有名字的心理机制——目标膨胀。它的运作方式非常精妙：每次你接近终点线，终点线就自动往前移一截，让你永远处于“再努力一下就到了”的状态。问题不是你攒得太慢，是你从来没有锁定过“够”的定义。那“够”到底是多少？先把问题拆开：不上班需要的不是花不,攒够五十万，觉得一百万才安全；攒到一百万，又开始担心通胀。你以为是自己贪，其实这是一种心理机制。今天一个视频说透它。,引言 → 目标膨胀：目标膨胀是一种心理机制，每次接近终点线，终点线就会自动往前移。 → 算出所需本金：不上班需要持续覆盖支出的现金流，通过每年支出除以稳健投资收益率可算出所需本金。 → 固定支出锚点：固定支出锚点，避免目标永远是移动靶。 → 案例分享：锁定支出锚点后，内心安全感提升，有了离开的底气。 → 避免走偏：避免走偏的三个坑：降低欲望、停止积累收益能力、混淆有选择权和彻底躺平。 → 结语：认真算出真实年度支出，除以0.05，可确定不上班所需的本金。,生活场景,句数:68；短句重锤:39；反转词:19,先把问题拆开：不上班需要的不是花不完的钱，而是一个能持续覆盖你支出的现金流系统。 | 所以，真正要做的不是再多攒一笔，而是先完成一个动作：把支出锚点固定下来。 | 不是因为他突然变勇敢了，而是因为他算清楚了：离开的成本比他以为的低得多。,没有统一答案，但有一个确定的起点——认真算出你真实的年度支出，锁住这个数字，然后用它除以零点零五。很多人一辈子没做过这道除法。做完这道题，你会发现，你离那条线可能比你以为的近得多。,财务自由这个词被用烂了，真实的状态更接近于：你可以做自己觉得值得做的事，同时不需要为了钱去做你不想做的事。,人物故事/历史镜像 + 现实方法论；适合故事型认知稿,投资/财务 | 绝对化承诺,01_最终完整文案/7643072492197727503.transcript.reviewed.md,终审稿:7643072492197727503.transcript.reviewed.md；开头、前3秒近似口播与前30秒近似口播均由终审稿起始段落定位,允许检索调用原句、例子、案例、比喻、个人故事、具体事实、数字、口头表达和原始顺序；保留素材ID与来源，事实性内容发布前核验。
17,7643434162665442575,https://www.douyin.com/video/7643434162665442575,,292.25,141,2,55,23,transition_14_30,为什么最赚钱的生意，表面看起来都不赚钱？,财富_商业_执行,反常识/悖论 | 身份分层 | 现实场景 | 三级或清单,关系中的期待、控制、误解或不安全感,痛点或判断式标题,宜家每年要卖出去一亿个冰淇淋甜筒，五块钱一个，几乎不赚钱。,宜家每年要卖出去一亿个冰淇淋甜筒，五块钱一个，几乎不赚钱。但宜家,宜家每年要卖出去一亿个冰淇淋甜筒，五块钱一个，几乎不赚钱。但宜家从没想过停掉这个产品，因为这根甜筒根本不是用来赚钱的，它是用来让你多待二十分钟的。多待二十分钟，你可能就会多花一两百块。全球最会卖家具的公司，核心商业逻辑并不在家具上。那些你觉得“这怎么可能赚钱”的生意，往往才是真正印钞的地方。甜筒其实只是冰山一角。把宜家整个拆开看，你会发现更多反常的细节。宜家的家具毛利不算高，定价也刻意压着走，但它的餐厅更反常：热狗十几块，甜筒五块，瑞典肉丸一份才三四十。这么定价，餐厅本身几乎不贡献多少利润，但它在做另一件极度核心的,宜家每年要卖出去一亿个冰淇淋甜筒，五块钱一个，几乎不赚钱。但宜家从没想过停掉这个产品，因为这根甜筒根本不是用来赚钱的，它是用来让你多待二十分钟的。多待二十分钟，你可能就会多花一两百块。,引言：宜家甜筒不赚钱，但能让人多待20分钟，从而增加消费。 → 宜家：宜家餐厅定价低，建立信任，降低决策门槛，让顾客多停留，增加消费。 → 苹果：苹果手机毛利率高，但服务业务更赚钱，通过设备互联加深用户离开成本。 → 吉列：吉列通过低价刀架和高价刀片，培养用户习惯，实现持续盈利。 → 结语：宜家、苹果、吉列都将赚钱节点放在时间、迁移成本和习惯里，而非产品本身。,现代概念/研究 + 生活场景,句数:60；短句重锤:30；反转词:10,吉列真正在卖的不是那把刀架，而是你每个月去超市，顺手拿起一盒刀片时根本不会多想的那个动作。,买它已经多少年，记不清了；刀架还在，刀片换了多少轮，也数不清了。那把刀架当初可能不到五十块钱，但这些年贡献给吉列的刀片钱，早就超过了一台顶级电动剃须刀的价格。我买刀架的那天，以为自己只是做了一个一次性的决定，其实我是签了一份没有终止日期的合同。,,人物故事/历史镜像 + 现实方法论；适合故事型认知稿,投资/财务 | 医学/神经科学 | 绝对化承诺,01_最终完整文案/7643434162665442575.transcript.reviewed.md,终审稿:7643434162665442575.transcript.reviewed.md；开头、前3秒近似口播与前30秒近似口播均由终审稿起始段落定位,允许检索调用原句、例子、案例、比喻、个人故事、具体事实、数字、口头表达和原始顺序；保留素材ID与来源，事实性内容发布前核验。
18,7643833205165968680,https://www.douyin.com/video/7643833205165968680,,308.48,15044,290,4392,1636,transition_14_30,为什么范家能富过九百年？,财富_商业_执行,概念命名 | 权威借力 | 现实场景 | 替观众反驳 | 三级或清单 | 短句重锤 | 诗性升华,情绪被外界牵引、内耗而无法稳定行动,痛点或判断式标题,范仲淹拿出一千亩田产，放在苏州城外。,范仲淹拿出一千亩田产，放在苏州城外。这笔钱竟然从北宋一直活到了民,范仲淹拿出一千亩田产，放在苏州城外。这笔钱竟然从北宋一直活到了民国，前后九百年，却从没断过。九百年，你敢想这是一个什么概念吗？要知道，历史上一个封建王朝的平均寿命，通常连三百年都不到。也就是说，这笔被称为“义庄”的资产，硬生生熬过了宋、元、明、清几个朝代的残酷更迭，中间躲过了靖康之难，熬过了太平天国，更是在漫长的岁月里，熬死了无数个当时富可敌国、显赫一时的名门望族。听到这儿，你可能会好奇了：这九百年里，他们家一定出过很多惊世骇俗的商业奇才吧？或者是踩中了什么时代红利，投中了什么高回报的产业？其实完全没有。他们家甚至,范仲淹拿出一千亩田产，放在苏州城外。这笔钱竟然从北宋一直活到了民国，前后九百年，却从没断过。九百年，你敢想这是一个什么概念吗？,引言：范仲淹设立义庄，资产历经九百年，躲过多次战乱，其财富系统剖析了财富焦虑。 → 资产隔离：设立资产隔离墙，确保本金安全，避免系统性崩盘。 → 救急不救穷：救急不救穷，避免制造斯金纳箱里的老鼠，防止家族血崩。 → 严密的制衡锁：设计严密制衡锁，防止监守自盗，确保资金安全。 → 底线守门人：选择底线守门人，而非聪明人，确保财富传承。 → 结语：范家财富源于敬畏常识、恪守底线，金钱奖励敬畏常识、恪守底线的人。,现代概念/研究 + 历史人物 + 类比意象,句数:58；短句重锤:28；反转词:1,听到这儿，你可能会好奇了：这九百年里，他们家一定出过很多惊世骇俗的商业奇才吧？ | 几百年的时间里，难道就没有主事人监守自盗吗？ | 这听起来是不是很反直觉？,他们只是一代又一代人，笨拙地、死心塌地守着那几道看似刻板的规矩。在这个永远充满诱惑和不确定性的世界里，金钱到最后其实并不奖励那些绝顶聪明、总想走捷径的人。它只奖励一种人：那些在漫长岁月里敬畏常识、恪守底线的人。,,人物故事/历史镜像 + 现实方法论；适合故事型认知稿,投资/财务 | 医学/神经科学 | 绝对化承诺,01_最终完整文案/7643833205165968680.transcript.reviewed.md,终审稿:7643833205165968680.transcript.reviewed.md；开头、前3秒近似口播与前30秒近似口播均由终审稿起始段落定位,允许检索调用原句、例子、案例、比喻、个人故事、具体事实、数字、口头表达和原始顺序；保留素材ID与来源，事实性内容发布前核验。
19,7644195046853578036,https://www.douyin.com/video/7644195046853578036,,237.38,570,13,197,54,transition_14_30,为什么再完美的制度，也防不住钻空子？,财富_商业_执行,反常识/悖论 | 概念命名 | 现实场景 | 三级或清单,缺少方向或正反馈，怀疑自己是否走错,痛点或判断式标题,北宋曾有一套堪称完美的监管制度，但不到二十年就全盘作废。,北宋曾有一套堪称完美的监管制度，但不到二十年就全盘作废。不是执行,北宋曾有一套堪称完美的监管制度，但不到二十年就全盘作废。不是执行不下去，而是大宋的商贩发现了藏在里面的真相，而恰好这个真相，跟我们今天的生活又息息相关。北宋开封有个规矩，叫“市令巡秤”。每天早上，事前官员得挨个摊位查秤，看有没有动过手脚。这个看似天衣无缝的制度，执行不到二十年就名存实亡了。不是没用，是那时根本不需要。当时开封东市有记录的摊贩将近八百户，但巡查官员满打满算也就十几个。稍微算下账就知道，物理上根本查不过来。那这个集市是怎么做到平稳运转了一百多年的？靠的绝不是那十几个人跑断腿去巡秤，而是那八百个摊贩里，有,北宋曾有一套堪称完美的监管制度，但不到二十年就全盘作废。不是执行不下去，而是大宋的商贩发现了藏在里面的真相，而恰好这个真相，跟我们今天的生活又息息相关。北宋开封有个规矩，叫“市令巡秤”。,"北宋的监管制度：北宋监管制度完美，但因官员不足无法执行，实际靠摊贩自觉。 → 良币压舱效应：系统正常运转靠老实人，即""良币压舱""效应。 → 底层结构的变化：底层结构变化，老实人变少，导致系统出问题。 → 柠檬市场理论：柠檬市场理论解释了系统崩溃的原因。 → 系统的稳定性：系统稳定性取决于老实人数量，健康生态应是天然筛子。 → 判断标准：选择公司、行业或合伙人时，观察老实人现状。",现代概念/研究 + 生活场景,句数:45；短句重锤:26；反转词:10,不是执行不下去，而是大宋的商贩发现了藏在里面的真相，而恰好这个真相，跟我们今天的生活又息息相关。 | 靠的绝不是那十几个人跑断腿去巡秤，而是那八百个摊贩里，有七百五十个压根就没想过要在秤上动手脚。 | 环顾四周，今天所有还在正常运转的系统、公司或行业，撑住它们基本盘的，从来不是墙上贴着的规则有多严，而是底盘有足够多的老实人没去钻空子。,所以，在这个复杂的世界里，你要选公司、换行业，甚至挑合伙人，教你一个极其粗暴却百发百中的判断标准：别看墙上的口号，别听他们画的大饼，你就冷眼旁观一件事——在这个生态里，那些老老实实做事、不走捷径的人，现在过得好吗？如果老实人在这里能体面地活下去，大可有为；但如果老实人成了全场最大的笑话，成了背锅和吃亏的代名词，一秒钟都别犹豫，趁早抽身。因为那些到处钻营的聪明人，最多只能告诉你这里还有多少红利可以捞；而那些被打压的老实人，却能无比精准地告诉你，这个系统距离彻底坍塌还剩多少时间。,,人物故事/历史镜像 + 现实方法论；适合故事型认知稿,绝对化承诺,01_最终完整文案/7644195046853578036.transcript.reviewed.md,终审稿:7644195046853578036.transcript.reviewed.md；开头、前3秒近似口播与前30秒近似口播均由终审稿起始段落定位,允许检索调用原句、例子、案例、比喻、个人故事、具体事实、数字、口头表达和原始顺序；保留素材ID与来源，事实性内容发布前核验。
20,7644578524879129899,https://www.douyin.com/video/7644578524879129899,,358.0,1022,21,391,150,transition_14_30,两千年前老话，点透职场生存法则,财富_商业_执行,反常识/悖论 | 身份分层 | 概念命名 | 现实场景 | 三级或清单 | 短句重锤 | 诗性升华,情绪被外界牵引、内耗而无法稳定行动,痛点或判断式标题,有没有发现一个特别气人的现象？,有没有发现一个特别气人的现象？办公室里最闲的人，工资往往最高；那,有没有发现一个特别气人的现象？办公室里最闲的人，工资往往最高；那个天天加班到最后的，反而最先被裁。这不是你的错觉，这是一条铁律。两千多年前，汉朝一个叫桑弘羊的大臣，在朝堂上当着皇帝的面，把这层窗户纸捅破了。他面对着满朝文武，尤其是那些自诩清高、指责他与民争利的穷书生，直接甩出了八个字：“富在术数，不在劳身。”为什么这两千年前的八个字，今天听着依然直戳心窝？因为它就是在告诉你，能不能赚到钱，跟你流了多少汗、熬了多少夜，一毛钱关系都没有，只跟你脑子里有没有门道、手里有没有筹码有关。在桑弘羊眼里，人就分两种：一种叫“劳身,有没有发现一个特别气人的现象？办公室里最闲的人，工资往往最高；那个天天加班到最后的，反而最先被裁。这不是你的错觉，这是一条铁律。,引言 → 劳身与术数：桑弘羊认为人分为劳神和术数两种，劳神者靠出卖体力和时间换钱，术数者靠脑子调动资源赚钱。 → 红皇后假说：红皇后假说指出，只靠出卖时间竞争会陷入红皇后陷阱，资源和信息差更具价值。 → 从劳身到术数：普通人应关注刚需行业，如盐铁行业，或成为公司的核心环节，提高议价权。 → 杠铃策略：采用杠铃策略，将体制内工作作为安全底仓，利用业余时间拓展高风险高收益的进攻端。 → 结语：世界奖励有策略的人，要积累术数和盐铁，看清牌桌再下注。,生活场景,句数:61；短句重锤:25；反转词:13,你赚的不是辛苦钱，而是你在这个位置上的不可替代费。 | 它最大的价值，根本不是每个月发的那点死工资，而是它赋予你的系统级安全感：兜底的医保、极低的房贷利率、不被打扰的双休，以及不会因为老板今天心情不好，明天就被扫地出 | 真正的铁饭碗，从来不是在一个地方端一辈子饭碗，而是你具备了一种哪怕离开任何平台，到哪儿都能立刻支起一口锅的底层能力。,每天埋头拉车、流血流汗，如果没把精力投资在积累“术数”和“盐铁”上，那你不过是在用自己的青春，替别人的财富大厦和泥抹砖。低头干活的人太多，抬头看路的人太少。而真正能在这个时代拿到结果的，是那些先抬头看清了牌桌，再低头下注的人。,,人物故事/历史镜像 + 现实方法论；适合故事型认知稿,投资/财务 | 医学/神经科学 | 绝对化承诺,01_最终完整文案/7644578524879129899.transcript.reviewed.md,终审稿:7644578524879129899.transcript.reviewed.md；开头、前3秒近似口播与前30秒近似口播均由终审稿起始段落定位,允许检索调用原句、例子、案例、比喻、个人故事、具体事实、数字、口头表达和原始顺序；保留素材ID与来源，事实性内容发布前核验。
21,7644889050234506538,https://www.douyin.com/video/7644889050234506538,,334.44,483,7,199,78,transition_14_30,为什么我劝你先拿两百块去试水？,财富_商业_执行,权威借力 | 现实场景 | 三级或清单 | 短句重锤 | 诗性升华,缺少方向或正反馈，怀疑自己是否走错,痛点或判断式标题,两百块，就能试出来你那个想做的生意成不成。,两百块，就能试出来你那个想做的生意成不成。我知道你可能觉得这话不,两百块，就能试出来你那个想做的生意成不成。我知道你可能觉得这话不靠谱。两百块能干什么？开店要租金、要设备、要备货，随便一样都不止这个数。但我说的不是这个。我说的是用两百块去买一个答案：你这门生意，现在到底有没有人愿意为它付钱？我有个朋友叫建军，在工地上干了七年，业余时间喜欢琢磨吃的。他做的家常菜，红烧肉、糖醋排骨，工友聚餐他一出手，盘子底都给舔干净。他心里一直有个念头：想开一家小饭馆，就做家常菜，街边那种。身边人听了直摇头：“你一个工地上的，哪懂开店？租门面、买灶台、办执照，少说二三十万。砸进去，万一没人来吃怎么办,两百块，就能试出来你那个想做的生意成不成。我知道你可能觉得这话不靠谱。两百块能干什么？,引言 → 建军的经历：建军用200元食材在小区群卖饭，收到陌生人的订单，验证了市场需求。 → 白圭的原则：白圭的原则是乐观时变，不压市场，只盯着市场正在怎么走。 → 验证的重要性：验证的重要性在于避免盲目投资，真正有用的验证是陌生人愿意付钱。 → 验证的方法：通过小成本验证，了解市场需求、客群喜好和菜单配比。 → 结语,历史人物 + 生活场景,句数:80；短句重锤:48；反转词:11,,比把二三十万砸进去，开了张才知道，要便宜太多。你手上有没有一件一直搁着没动的事？想想看，它的“两百块版本”长什么样。,从那以后，我也给自己留了一条规矩：任何新想法冒出来，先问自己一句，能不能用两百块以内，这个月拿到一个真实的答案？,人物故事/历史镜像 + 现实方法论；适合故事型认知稿,历史/名言归属,01_最终完整文案/7644889050234506538.transcript.reviewed.md,终审稿:7644889050234506538.transcript.reviewed.md；开头、前3秒近似口播与前30秒近似口播均由终审稿起始段落定位,允许检索调用原句、例子、案例、比喻、个人故事、具体事实、数字、口头表达和原始顺序；保留素材ID与来源，事实性内容发布前核验。
22,7645207502186908947,https://www.douyin.com/video/7645207502186908947,,272.88,1561,33,526,230,transition_14_30,为什么说第一个10万块，是你拉开阶层差距的分水岭？,财富_商业_执行,反常识/悖论 | 身份分层 | 概念命名 | 权威借力 | 现实场景 | 替观众反驳 | 三级或清单 | 短句重锤 | 诗性升华,关系中的期待、控制、误解或不安全感,痛点或判断式标题,你存折里的第一个十万块，决定了你什么时候能跳出死工资的陷阱。,你存折里的第一个十万块，决定了你什么时候能跳出死工资的陷阱。它是,你存折里的第一个十万块，决定了你什么时候能跳出死工资的陷阱。它是你和父母那代人最大的区别，是你摆脱“月光族”标签的分界线，更是你能不能让钱开始自己长大的第一颗种子。大多数人好不容易攒下这笔钱后，第一反应是犒劳自己。于是，这颗好不容易结出来的种子，还没来得及生根发芽，就被一场说走就走的旅行、一个名牌包，或者一辆新车的首付，给吃得干干净净。你可能会觉得：“我辛苦赚钱不就是为了花吗？对自己好点有错吗？”但是，其实是你的认知困住了你的思考。在心理学上，有一个著名的概念，叫狄德罗效应，也叫配套效应。十八世纪的时候，法国有个哲,你存折里的第一个十万块，决定了你什么时候能跳出死工资的陷阱。它是你和父母那代人最大的区别，是你摆脱“月光族”标签的分界线，更是你能不能让钱开始自己长大的第一颗种子。大多数人好不容易攒下这笔钱后，第一反应是犒劳自己。,引言 → 狄德罗效应：狄德罗效应指出，人们会为了匹配新的物品而不断消费，导致财富流失。 → 案例分析：大伟用10万消费，老陈用10万投资，最终老陈在经济危机中更有底气。 → 结语,现代概念/研究 + 生活场景,句数:62；短句重锤:33；反转词:11,你可能会觉得：“我辛苦赚钱不就是为了花吗？ | 你开始觉得，既然我都有六位数的存款了，是不是该搬到一个配得上我身份的高级公寓里？ | 是不是该换一台最新款的手机？,所以，别急着用这笔钱去满足一时的虚荣。当你真正学会克制当下的欲望，让钱去替你打工，而不是你为了花钱去拼命加班的时候，你才算真正摸到了财富自由的门把手。守住你的第一颗种子，让它慢慢长大，时间会给你最好的回报。,,人物故事/历史镜像 + 现实方法论；适合故事型认知稿,投资/财务 | 医学/神经科学 | 历史/名言归属 | 绝对化承诺,01_最终完整文案/7645207502186908947.transcript.reviewed.md,终审稿:7645207502186908947.transcript.reviewed.md；开头、前3秒近似口播与前30秒近似口播均由终审稿起始段落定位,允许检索调用原句、例子、案例、比喻、个人故事、具体事实、数字、口头表达和原始顺序；保留素材ID与来源，事实性内容发布前核验。
23,7645652035567750436,https://www.douyin.com/video/7645652035567750436,,262.8,24834,2811,7598,3094,transition_14_30,你的长相，本就是为人生任务量身定做的,情绪_自我成长,反常识/悖论 | 权威借力 | 现实场景 | 三级或清单 | 短句重锤 | 行动方案 | 诗性升华,情绪被外界牵引、内耗而无法稳定行动,痛点或判断式标题,为什么那些杀伐果断的上位者，都有着几乎雷同的面部特点？,为什么那些杀伐果断的上位者，都有着几乎雷同的面部特点？为什么天生,为什么那些杀伐果断的上位者，都有着几乎雷同的面部特点？为什么天生苦相的人，经历的坎坷真的比别人更多？因为你的长相，其实是根据你这辈子的人生任务，提前搭配好的。别着急划走。你一定觉得面相太玄乎，但请仔细回想一下：你在生活或职场中，是不是总遇到这样的人？明明是第一次见面，他什么都没做，但你心里就觉得这人不好惹，得防着点；而有的人只是安静地坐在角落，你就会觉得他气场温和，值得托付。这背后从来不是玄学，而是早就有科学家投身研究的科学规律。老天爷给你发这张脸，本质上发的是一张通行证。我们直接来看个最常见的职场现象。去观察一下,为什么那些杀伐果断的上位者，都有着几乎雷同的面部特点？为什么天生苦相的人，经历的坎坷真的比别人更多？因为你的长相，其实是根据你这辈子的人生任务，提前搭配好的。,引言 → 脸与人生任务的适配：脸与人生任务是极致适配的，比如颧骨微凸、下颌线凌厉的人更适合做高管。 → 自我消耗陷阱：改变面相会导致心理状态和别人对待你的方式发生改变，从而陷入自我消耗陷阱。 → 利用出场设置识别人心：通过观察一个人的脸是否有割裂感，可以快速识别人心，避免人际交往中的暗坑。 → 好面相的真正含义：好面相是岁月和经历打造的生存武器，接纳自己的脸，用好人生剧本，就是最高级的清醒。,现代概念/研究 + 生活场景 + 类比意象,句数:49；短句重锤:21；反转词:5,你一定觉得面相太玄乎，但请仔细回想一下：你在生活或职场中，是不是总遇到这样的人？ | 这背后从来不是玄学，而是早就有科学家投身研究的科学规律。,接纳这张被命运和经历共同雕刻出来的脸，别去破坏它浑然天成的气场。用好老天发给你的这张底牌，去稳稳地走完属于你的人生剧本。这就已经是最高级的清醒了。,,人物故事/历史镜像 + 现实方法论；适合故事型认知稿,医学/神经科学 | 绝对化承诺 | 羞辱/高压表达,01_最终完整文案/7645652035567750436.transcript.reviewed.md,终审稿:7645652035567750436.transcript.reviewed.md；开头、前3秒近似口播与前30秒近似口播均由终审稿起始段落定位,允许检索调用原句、例子、案例、比喻、个人故事、具体事实、数字、口头表达和原始顺序；保留素材ID与来源，事实性内容发布前核验。
24,7645942254057688326,https://www.douyin.com/video/7645942254057688326,,247.21,10697,181,3606,1701,transition_14_30,南方家族持续赚钱，北方家族容易散财，差距到底在哪,财富_商业_执行,反常识/悖论 | 概念命名 | 权威借力 | 现实场景 | 三级或清单 | 短句重锤 | 诗性升华,关系中的期待、控制、误解或不安全感,痛点或判断式标题,为什么南方家族总在赚钱，北方家族总在散财？,为什么南方家族总在赚钱，北方家族总在散财？明明北方人普遍学历更高,为什么南方家族总在赚钱，北方家族总在散财？明明北方人普遍学历更高、思维更宏大，但在家族财富的延续上，却总是惨败给南方人。为什么北方富豪一遇时代洗牌，动不动就倾家荡产、富不过三代，而南方家族哪怕破产了，也能迅速起死回生？这个问题我琢磨了很久，最后发现答案不在经济学，而在两种完全不同的“钱的哲学”。先说一个真实的现象。你去东北或者华北的县城转一圈，那些曾经风光过的老板，十个里有八个是这么倒下的：厂房还在，资产还在，但账上没钱了。银行一断贷，整个盘子当场崩掉。你再去义乌或者晋江看看，同样是破产过的老板，两三年后又悄无声息,为什么南方家族总在赚钱，北方家族总在散财？明明北方人普遍学历更高、思维更宏大，但在家族财富的延续上，却总是惨败给南方人。为什么北方富豪一遇时代洗牌，动不动就倾家荡产、富不过三代，而南方家族哪怕破产了，也能迅速起死回生？,引言 → 对财富的理解：北方老板注重资产，南方老板注重现金流，现金流比资产更重要。 → 关系网的本质差异：北方关系网靠情义，南方关系网靠利益结构，利益共同体更具韧性。 → 传承的差异：北方家族注重体制内工作，南方家族注重培养商业能力，传承认知和能力比钱更重要。 → 结语,现代概念/研究 + 生活场景,句数:59；短句重锤:35；反转词:15,一个人出了事，不是看谁义气，而是大家都知道，他这个环节断了，自己的生意也会受影响，所以主动帮他把坑填上。 | 这背后有一个道理：任何财富的传承，传的不是钱本身，而是产生钱的那套认知和能力。,你的关系网，是真实的利益共同体，还是一旦你没用就会蒸发的人情泡沫？你在培养下一代的时候，传的是规则和体面，还是真实的生存能力？讲清楚这几件事，比攒多少钱都管用。,所以，真正值得问自己的问题是：你手里的资产，是让你随时能动的资产，还是随时可能压死你的负担？,人物故事/历史镜像 + 现实方法论；适合故事型认知稿,投资/财务 | 医学/神经科学,01_最终完整文案/7645942254057688326.transcript.reviewed.md,终审稿:7645942254057688326.transcript.reviewed.md；开头、前3秒近似口播与前30秒近似口播均由终审稿起始段落定位,允许检索调用原句、例子、案例、比喻、个人故事、具体事实、数字、口头表达和原始顺序；保留素材ID与来源，事实性内容发布前核验。
25,7646373169162472767,https://www.douyin.com/video/7646373169162472767,,381.05,734,23,292,159,transition_14_30,利弗莫尔：永远不要让盈利变成你卖出的理由,财富_商业_执行,反常识/悖论 | 概念命名 | 权威借力 | 三级或清单 | 短句重锤 | 诗性升华,情绪被外界牵引、内耗而无法稳定行动,痛点或判断式标题,为什么你一卖，它就涨？,为什么你一卖，它就涨？我认识一个做了三年交易的朋友。有一天，他在,为什么你一卖，它就涨？我认识一个做了三年交易的朋友。有一天，他在家里盯着手机屏幕哭了。不是亏钱了，而是他赚钱了。他拿着一只股票扛了四个月，从买入之后一路跌，跌了将近百分之三十，愣是没卖。周围人都说他死撑，他说：“我有判断，我等得起。”然后，股价慢慢涨回来。涨到浮盈百分之二十的时候，他卖了。他以为自己赢了，结果接下来那只股票涨了三倍。他跟我说，最难受的不是少赚了钱，是那个“我明明可以”的感觉，像一根刺扎在脑子里，睡觉都睡不踏实。他老婆问他怎么了，他说没事。但他自己知道，那几天他脑子里反复放的是同一个画面：他卖出的那一,为什么你一卖，它就涨？我认识一个做了三年交易的朋友。有一天，他在家里盯着手机屏幕哭了。,"引言：朋友因卖出盈利股票而后悔，这种感觉很多人都有。 → 处置效应：理查德·塞勒研究发现，人卖出盈利股票的速度是卖出亏损股票速度的两倍，这被称为""处置效应""。 → 大脑的两套系统：丹尼尔·卡尼曼解释了大脑的两套系统，系统一靠直觉，系统二靠理性，卖飞是因为系统一战胜了系统二。 → 如何判断卖出时机：利弗莫尔和赛思克拉曼认为，卖出的唯一理由是当初买入的判断是否成立，与盈利多少无关。 → 实用的卖出方法：通过问自己是否会重新买入，以及等待一晚再做决定，可以过滤掉冲动操作。 → 结语：卖飞是大脑的出场设置导致的，知道这一点后，下次可以多停一秒，问问自己是想卖还是恐惧想卖。",现代概念/研究 + 生活场景 + 类比意象,句数:86；短句重锤:50；反转词:29,不是亏钱了，而是他赚钱了。 | 克拉曼说，他早年犯过最大的错误，不是买了一只暴跌的股票，而是在一只股票上涨的过程中，因为觉得赚够了就提前离场。 | 还有一个更实用的方法，可以在每次冒出“是不是该卖了”这个念头的时候用：如果我现在手里没有这只股票，我会买它吗？,不是让你变成一个永远不卖飞的人，那不现实，任何人都会卖飞。而是下一次，当那个“赶紧卖”的念头突然冒出来的时候，你能多停一秒，问自己一句：是我想卖，还是我的恐惧想卖？就这一秒的停顿，有时候就是后来三倍涨幅的距离。,而是下一次，当那个“赶紧卖”的念头突然冒出来的时候，你能多停一秒，问自己一句：是我想卖，还是我的恐惧想卖？,人物故事/历史镜像 + 现实方法论；适合故事型认知稿,投资/财务 | 医学/神经科学 | 历史/名言归属 | 绝对化承诺,01_最终完整文案/7646373169162472767.transcript.reviewed.md,终审稿:7646373169162472767.transcript.reviewed.md；开头、前3秒近似口播与前30秒近似口播均由终审稿起始段落定位,允许检索调用原句、例子、案例、比喻、个人故事、具体事实、数字、口头表达和原始顺序；保留素材ID与来源，事实性内容发布前核验。
26,7647138694075321610,https://www.douyin.com/video/7647138694075321610,,358.63,146714,1015,66950,20107,transition_14_30,纳瓦尔·拉维坎特：不要去管别人，只管早睡、运动和读书！,财富_商业_执行,反常识/悖论 | 概念命名 | 权威借力 | 替观众反驳 | 三级或清单 | 短句重锤 | 诗性升华,情绪被外界牵引、内耗而无法稳定行动,痛点或判断式标题,纳瓦尔说：“不要去管别人，只管早睡、运动和读书。,纳瓦尔说：“不要去管别人，只管早睡、运动和读书。”纳瓦尔这一句话,纳瓦尔说：“不要去管别人，只管早睡、运动和读书。”纳瓦尔这一句话直击本质：我们九成的痛苦，都源于对他人的过度关注。但问题是，为什么我们就是忍不住？你有没有想过，你每天真正花在自己身上的时间，到底有多少？不是刷手机的时间，不是发呆的时间，是真正在意自己、打理自己、往自己身上投资的时间。大多数人算下来，一天可能不超过半小时。剩下的时间呢？全给了别人的生活、别人的评价、别人过得好不好、别人怎么看你。心理学有个概念叫“注意力漏损”。人的心理能量是有限的，你每天盯着外部世界消耗掉的那部分，就是你本来可以用来改变自己的那部分。,纳瓦尔说：“不要去管别人，只管早睡、运动和读书。”纳瓦尔这一句话直击本质：我们九成的痛苦，都源于对他人的过度关注。但问题是，为什么我们就是忍不住？,引言 → 注意力漏损：人的心理能量有限，注意力长期往外流会导致自己变得空虚，纳瓦尔认为早睡、运动、读书可以解决这个问题。 → 早睡：早睡可以清理大脑垃圾，改善情绪和判断力，避免深夜刷手机导致的精神内耗。 → 运动：运动可以释放内啡肽，改善情绪稳定，提高自我效能感，让人在生活中更有掌控感。 → 读书：读书可以让人有自己的想法和判断，避免被别人的想法和评论影响情绪。 → 结语：早睡、运动、读书持续做会产生行为复利，让人变得更稳，不再需要靠别人来确认自己。,现代概念/研究 + 历史人物 + 生活场景 + 类比意象,句数:82；短句重锤:48；反转词:25,不是说关心别人不对，而是当你的注意力长期往外流，自己这里就会慢慢枯掉。 | 刚开始，你可能会觉得躺下来手里空落落的。 | 内啡肽给你的，不是那种刷到好消息的短暂兴奋，而是一种踏实感，像一块压了很久的石头终于落了地。,不是变得更厉害，而是变得更稳。外面的风吹过来，你不再那么容易跟着晃；你不再需要靠盯着别人来填满自己，不再需要靠别人的认可来确认自己是谁。不关注别人，不是冷漠，不是清高，是你终于把那份本来就属于你的注意力，还给了自己。,但放在一起持续去做，有一个心理学效应叫“行为复利”。,人物故事/历史镜像 + 现实方法论；适合故事型认知稿,投资/财务 | 医学/神经科学 | 历史/名言归属 | 绝对化承诺 | 羞辱/高压表达,01_最终完整文案/7647138694075321610.transcript.reviewed.md,终审稿:7647138694075321610.transcript.reviewed.md；开头、前3秒近似口播与前30秒近似口播均由终审稿起始段落定位,允许检索调用原句、例子、案例、比喻、个人故事、具体事实、数字、口头表达和原始顺序；保留素材ID与来源，事实性内容发布前核验。
27,7647472332063264054,https://www.douyin.com/video/7647472332063264054,,321.64,1247,8,433,136,transition_14_30,为什么聪明的老板，都在“战略性缩水”？,传统智慧_现代认知,反常识/悖论 | 身份分层 | 权威借力 | 现实场景 | 替观众反驳 | 三级或清单 | 短句重锤 | 行动方案 | 诗性升华,情绪被外界牵引、内耗而无法稳定行动,痛点或判断式标题,企业最安全的规模，是一个亿以内，最多维持一二百名员工，一年净利润有个三五百万，尽可能合规经营。,企业最安全的规模，是一个亿以内，最多维持一二百名员工，一年净利润,企业最安全的规模，是一个亿以内，最多维持一二百名员工，一年净利润有个三五百万，尽可能合规经营。这是最舒服的状态。别急着反驳说我没志向，更别提什么“做大做强”的口号。在这行混久了，你就会发现，绝大多数老板的焦虑，不是因为没业务，而是因为膨胀的欲望撑破了经营的边界。为什么我劝你千万别做大？因为规模每翻一倍，老板的智商往往就会下降一半。心理学里有个东西叫“认知负荷溢出”。一个人能有效管理的心理信息量是有上限的，超过这个上限，判断力和决策质量会断崖式下跌。规模小的时候，你的精力全放在怎么把钱挣到手上。人一多，你每天干的就变,企业最安全的规模，是一个亿以内，最多维持一二百名员工，一年净利润有个三五百万，尽可能合规经营。这是最舒服的状态。别急着反驳说我没志向，更别提什么“做大做强”的口号。,引言 → 规模扩张的陷阱：规模扩张会导致认知负荷溢出，判断力和决策质量下降，老板从猎人变成救火队长。 → 虚荣补偿：虚荣补偿会导致企业陷入现金流危机，客户更在意产品和服务质量，而非门面。 → 攀附人脉：攀附人脉无法获得真正的资源，企业应打磨产品和服务，沉淀真实口碑。 → 依赖政策补贴：依赖政策补贴会导致企业失去自主生存能力，应像狼一样靠捕猎生存。 → 自建厂房：自建厂房会导致资金链断裂，应尽量租赁厂房，保持灵活性。 → 聚焦核心业务：聚焦核心业务，做出壁垒，提高利润率，降低试错成本和调头速度。 → 结语：战略性缩水是一种自救能力，保持灵活性和现金充足，比做大老板更重要。,传统文本 + 现代概念/研究 + 生活场景,句数:77；短句重锤:46；反转词:20,在这行混久了，你就会发现，绝大多数老板的焦虑，不是因为没业务，而是因为膨胀的欲望撑破了经营的边界。,都是靠消耗低、反应快、现金足。大象倒下只需要一个坑，而体量轻的公司，哪怕市场崩一半、关门歇业，还能带着这些年的利润全身而退，而不是背着一身债，在烂账里挣扎到最后一口气。做一个明白的老板，比做一个大老板重要一万倍。,,人物故事/历史镜像 + 现实方法论；适合故事型认知稿,投资/财务 | 医学/神经科学 | 历史/名言归属 | 绝对化承诺,01_最终完整文案/7647472332063264054.transcript.reviewed.md,终审稿:7647472332063264054.transcript.reviewed.md；开头、前3秒近似口播与前30秒近似口播均由终审稿起始段落定位,允许检索调用原句、例子、案例、比喻、个人故事、具体事实、数字、口头表达和原始顺序；保留素材ID与来源，事实性内容发布前核验。
28,7647897900562861366,https://www.douyin.com/video/7647897900562861366,,252.61,982,10,542,102,transition_14_30,人一旦有了体系，做什么都会成功！,行动_系统_能力,反常识/悖论 | 身份分层 | 概念命名 | 权威借力 | 现实场景 | 三级或清单 | 类比可视化 | 短句重锤,情绪被外界牵引、内耗而无法稳定行动,痛点或判断式标题,人一旦有了体系，做什么都会成功。,人一旦有了体系，做什么都会成功。人一辈子遇到的难题，百分之九十都,人一旦有了体系，做什么都会成功。人一辈子遇到的难题，百分之九十都不是无解的。真正的问题在于，你脑子里的东西太多、太杂，互相打架，谁也说服不了谁。所以我说，你缺的不是知识，而是能把知识组织起来的一套东西。那东西叫“体系”。但大多数人，包括很多聪明人，都混淆了一件事：他们以为多学、多记，就是在建体系。我认识一个朋友，做销售的。聊起来滔滔不绝，什么成交话术、各种心理知识，每一套他都讲得头头是道。但你真让他去谈一个大客户，他反而谈砸了。为什么？因为他只会拆，不会装。知识碎片太多，反而成了负担。临场脑子里几条声音同时开口，最,人一旦有了体系，做什么都会成功。人一辈子遇到的难题，百分之九十都不是无解的。真正的问题在于，你脑子里的东西太多、太杂，互相打架，谁也说服不了谁。,引言 → 体系的核心作用：体系的核心作用是做减法，避免知识碎片过多导致判断力下降。 → 体系的运作方式：体系的运作方式是不断拿新信息来碰撞修正升级，而不是存储信息。 → 仓库型学习：仓库型学习是在帮别人整理仓库，没有真正学到东西，只是原地踏步。 → 体系的样子：体系像一张网，知识之间的碰撞决定能否用出来，有体系的人积累是叠加的。 → 如何建立体系：建立体系需要停下来，筛选真正有用的知识，回答三个问题，逼自己做取舍。,现代概念/研究 + 生活场景 + 类比意象,句数:66；短句重锤:43；反转词:23,所以我说，你缺的不是知识，而是能把知识组织起来的一套东西。 | 所以，体系的核心作用，不是帮你做加法，而是逼你做减法。 | 这就是体系在顶级科学家身上的运作方式：不是存储信息，而是不断拿新信息来碰撞、修正、升级。,能回答出来的，才是真正属于你的东西；回答不出来的，说明它还只存在收藏夹里，没进你脑子。把这三个问题想透，你的体系就开始发芽了。主干长成，枝叶往哪里分，心里自然清楚。,然后问自己三个问题，一个比一个狠。 | 这三个问题，不是为了让你记住什么，是为了逼你做取舍。,人物故事/历史镜像 + 现实方法论；适合故事型认知稿,医学/神经科学 | 绝对化承诺,01_最终完整文案/7647897900562861366.transcript.reviewed.md,终审稿:7647897900562861366.transcript.reviewed.md；开头、前3秒近似口播与前30秒近似口播均由终审稿起始段落定位,允许检索调用原句、例子、案例、比喻、个人故事、具体事实、数字、口头表达和原始顺序；保留素材ID与来源，事实性内容发布前核验。
29,7648251421615246611,https://www.douyin.com/video/7648251421615246611,,302.63,6082,101,3321,453,transition_14_30,为什么你的电脑，还没成为你的内部操作系统？,行动_系统_能力,反常识/悖论 | 身份分层 | 概念命名 | 权威借力 | 现实场景 | 三级或清单 | 诗性升华,缺少方向或正反馈，怀疑自己是否走错,痛点或判断式标题,如果你有电脑，请疯狂提升自己。,如果你有电脑，请疯狂提升自己。这是一个非常清醒的观察：在这个时代,如果你有电脑，请疯狂提升自己。这是一个非常清醒的观察：在这个时代，拥有一台能联网的电脑，却只用它来娱乐和消磨时间，是对人类历史上最强大的生产力工具最深的浪费。你知道吗？现在一台两三千块的入门电脑，和一台两三万的旗舰机，在获取知识这件事上，差距几乎为零。你打开浏览器能看到的东西，和全球顶尖的创业者、投资人、科学家能看到的，是同一批内容：哈佛的公开课、麻省理工的完整教材、顶级博客里那些行业一线的对话，全都摆在那儿。没有门槛，不需要身份，不需要关系。这个事实很多人知道，但真正意识到它意味着什么的人少之又少。问题从来不是你,如果你有电脑，请疯狂提升自己。这是一个非常清醒的观察：在这个时代，拥有一台能联网的电脑，却只用它来娱乐和消磨时间，是对人类历史上最强大的生产力工具最深的浪费。你知道吗？,引言 → 电脑的价值：电脑是强大的生产力工具，获取知识无门槛，关键在于如何使用。 → 复利效应：复利效应影响认知，持续学习会改变思维模式。 → 信息消费方式：改变信息消费方式，主动产出内容，提高信息吸收效率。 → 主动学习：学习系统性知识，如基础统计学，提升思维框架。 → 公开写作：公开写作，提高内容质量，积累人脉。 → 结语：不需要换电脑或花钱买课，每天一小时，坚持一年可改变命运。,传统文本 + 现代概念/研究 + 生活场景,句数:74；短句重锤:46；反转词:24,问题从来不是你有没有资源，而是你在用这台机器做什么。 | 真正可怕的，不是差距有多大，而是它在你毫无察觉的情况下拉开的。,这个缺口，就是你的机会。别做数字世界里的流浪者。这台机器，值得被你认真对待。,,人物故事/历史镜像 + 现实方法论；适合故事型认知稿,投资/财务 | 医学/神经科学 | 宗教/传统概念,01_最终完整文案/7648251421615246611.transcript.reviewed.md,终审稿:7648251421615246611.transcript.reviewed.md；开头、前3秒近似口播与前30秒近似口播均由终审稿起始段落定位,允许检索调用原句、例子、案例、比喻、个人故事、具体事实、数字、口头表达和原始顺序；保留素材ID与来源，事实性内容发布前核验。
30,7648608700575288619,https://www.douyin.com/video/7648608700575288619,,332.14,3858,55,1879,600,transition_14_30,人到中年，学会做减法，不碰三局，不信三话，不帮三人,财富_商业_执行,反常识/悖论 | 身份分层 | 权威借力 | 现实场景 | 三级或清单 | 诗性升华,情绪被外界牵引、内耗而无法稳定行动,痛点或判断式标题,《资治通鉴》告诉你：人到中年，不碰三局，不信三话，不帮三人。,《资治通鉴》告诉你：人到中年，不碰三局，不信三话，不帮三人。前半,《资治通鉴》告诉你：人到中年，不碰三局，不信三话，不帮三人。前半生做加法，后半生该做减法。这话听起来像老生常谈，但你真正活到这个岁数，你会发现，拼了那么多年，到头来，很多消耗你的事根本就不值得碰。先说打死不该碰的三局。第一个，就是让很多人毁掉下半生的——超出认知的赌局。人到中年特别容易焦虑。看见周围人换车、换房，孩子上好学校，心里那股劲就上来了，总想着干票大的翻身。心理学里有个词叫“损失厌恶”。诺贝尔经济学奖得主卡尼曼研究发现，人在感受到落后的时候，做决策的风险偏好会急剧上升。说白了，就是越觉得输不起，反而越容易乱,《资治通鉴》告诉你：人到中年，不碰三局，不信三话，不帮三人。前半生做加法，后半生该做减法。这话听起来像老生常谈，但你真正活到这个岁数，你会发现，拼了那么多年，到头来，很多消耗你的事根本就不值得碰。,引言 → 不碰的三局：不碰超出认知的赌局、无效社交局、婚外情局。 → 不信的三话：不信好好干赚了钱大家分、酒桌上的承诺、闲言碎语。 → 不帮的三人：不帮理所当然的人、无兜底能力的人、抱怨声大行动力为零的人。 → 结语,现代概念/研究 + 生活场景,句数:76；短句重锤:45；反转词:11,,把省出来的那点力气，好好花在真正值得的地方。陪陪家人，把身体养好，做几件这辈子真正想做的事。这才是后半生最踏实的活法。,,人物故事/历史镜像 + 现实方法论；适合故事型认知稿,医学/神经科学 | 历史/名言归属,01_最终完整文案/7648608700575288619.transcript.reviewed.md,终审稿:7648608700575288619.transcript.reviewed.md；开头、前3秒近似口播与前30秒近似口播均由终审稿起始段落定位,允许检索调用原句、例子、案例、比喻、个人故事、具体事实、数字、口头表达和原始顺序；保留素材ID与来源，事实性内容发布前核验。
31,7648992848871722259,https://www.douyin.com/video/7648992848871722259,,318.67,226724,715,90756,20283,mature_31_65,人生最大的陷阱，往往不是无路可走，而是见路就走。,情绪_自我成长,反常识/悖论 | 身份分层 | 权威借力 | 现实场景 | 替观众反驳 | 三级或清单 | 类比可视化 | 短句重锤 | 诗性升华,关系中的期待、控制、误解或不安全感,痛点或判断式标题,宽门不进，肥田不耕，见路不走，见死不救。,宽门不进，肥田不耕，见路不走，见死不救。这十六个字，一直被很多人,宽门不进，肥田不耕，见路不走，见死不救。这十六个字，一直被很多人奉为寒门逆袭的真正路径。它反人性，却能让人实现流动与跨越。今天咱们不聊其他，单单讲这四个字：见路不走。一旦你真正理解它，你会发现，人生最大的陷阱从来不是无路可走，而是见路就走。什么叫“路”？别人走过的方法叫路，别人总结出来的经验叫路，别人成功之后留下的答案也叫路。看起来是现成的，拿来就能用。但你有没有想过，为什么那么多人照着别人的路走，最后走丢了？这里有一个心理学概念，叫“可得性启发”，是诺贝尔经济学奖得主卡尼曼提出来的。意思是说，人在做决策的时候，不,宽门不进，肥田不耕，见路不走，见死不救。这十六个字，一直被很多人奉为寒门逆袭的真正路径。它反人性，却能让人实现流动与跨越。,引言 → 什么是路：路是别人走过的方法、经验和答案，但成功的条件因人而异。 → 见路不走的含义：见路不走是指看到别人的结果后，先问原因，找到成功的条件。 → 普通人的练习方法：普通人可以通过分析成功案例的原因，判断是否适合自己。 → 区分规律和表现形式：学会区分规律和规律的表现形式，避免陷入执念。 → 心态的重要性：见路不走需要克服大脑走捷径的本能，保持耐心和思考。 → 结语：见路不走是一种思维方式，需要在决策前多思考原因和条件。,现代概念/研究 + 生活场景 + 类比意象,句数:76；短句重锤:45；反转词:27,一旦你真正理解它，你会发现，人生最大的陷阱从来不是无路可走，而是见路就走。 | 意思是说，人在做决策的时候，不是依靠逻辑，而是依靠什么更容易被想到。 | 不是说这些赛道不行，而是这些人根本没想过一个问题：第一批做微商的人，手里有现成的私域流量；第一批做直播的人，平台还在大力补贴流量。,它要求你在每一个决策面前多停一秒，多问一句：这条路背后的因是什么？我具不具备那个条件？路一直都在，但哪条路上的因跟你自己的条件是匹配的，这件事只有你自己能算清楚。,,传统概念现代化 + 情绪修复 + 分层/排比收束；默认迁移到认知成长主题,医学/神经科学,01_最终完整文案/7648992848871722259.transcript.reviewed.md,终审稿:7648992848871722259.transcript.reviewed.md；开头、前3秒近似口播与前30秒近似口播均由终审稿起始段落定位,允许检索调用原句、例子、案例、比喻、个人故事、具体事实、数字、口头表达和原始顺序；保留素材ID与来源，事实性内容发布前核验。
32,7649314280830979391,https://www.douyin.com/video/7649314280830979391,,285.4,22496,430,16358,8013,mature_31_65,原来重复到极致就是天赋，真是太强大了！突然就开窍了,行动_系统_能力,反常识/悖论 | 身份分层 | 概念命名 | 权威借力 | 现实场景 | 三级或清单 | 类比可视化 | 短句重锤,缺少方向或正反馈，怀疑自己是否走错,痛点或判断式标题,原来重复到极致就是天赋。,原来重复到极致就是天赋。真是太强大了，突然就开窍了。今日话题：原,原来重复到极致就是天赋。真是太强大了，突然就开窍了。今日话题：原来重复到极致就是天赋。你有没有这种经历？学一样东西学了很久，感觉一直在原地踏步，然后某一天突然就通了。不是慢慢进步的那种，是真正的开窍。心理学上有个词叫“过度学习”。斯坦福有个教授做过一组实验。他让两组学生背同一批单词，第一组背到刚好能默写出来就停，第二组继续再背百分之五十的量。一周后测试，第二组的记忆留存率是第一组的两倍多。多出来的那百分之五十，不是在学新东西，是在把已经会了的东西压进更深的地方。这就是为什么重复不是浪费时间，是在给脑子换一个储存位置,原来重复到极致就是天赋。真是太强大了，突然就开窍了。今日话题：原来重复到极致就是天赋。,引言 → 过度学习：心理学上的“过度学习”实验表明，重复可以加深记忆。 → 重复的力量：作者通过练吉他和做菜的经历，说明重复可以将技术转化为本能。 → 髓鞘化：重复可以使神经纤维外面的绝缘层变厚，信号传输更快更稳定。 → 重复的突破点：重复过程中会有一个突破点，只要坚持，就会迎来成功。 → 重复的极致：重复到极致，事情会自动发生，看起来像天赋，实际上是大量重复的结果。,现代概念/研究 + 生活场景 + 类比意象,句数:80；短句重锤:60；反转词:15,在那之前，你感觉什么都没变，甚至怀疑自己是不是做错了。 | 那种感觉不是“我很厉害”，而是“这件事好像不费力气”。,外人看到的是天赋，你自己知道，那是几千遍、几万遍堆出来的不费力气。你今天练到烦、练到想放弃的那件事，总有一天你会发现：手比脑子先动，嘴比脑子先开，身体会替你记住答案。别人说你有天赋，你就笑笑，知道那是什么就行了。,你今天练到烦、练到想放弃的那件事，总有一天你会发现：手比脑子先动，嘴比脑子先开，身体会替你记住答案。,传统概念现代化 + 情绪修复 + 分层/排比收束；默认迁移到认知成长主题,医学/神经科学 | 绝对化承诺,01_最终完整文案/7649314280830979391.transcript.reviewed.md,终审稿:7649314280830979391.transcript.reviewed.md；开头、前3秒近似口播与前30秒近似口播均由终审稿起始段落定位,允许检索调用原句、例子、案例、比喻、个人故事、具体事实、数字、口头表达和原始顺序；保留素材ID与来源，事实性内容发布前核验。
33,7649729653048888612,https://www.douyin.com/video/7649729653048888612,,266.6,147165,849,56643,16185,mature_31_65,为什么你越想证明什么，恰恰说明你内心在那里最空？,传统智慧_现代认知,反常识/悖论 | 身份分层 | 权威借力 | 短句重锤,缺少方向或正反馈，怀疑自己是否走错,为什么X却Y的反常识问句,道不足的人多术，德不足的人多欲，信不足的人多言，威不足的人多怒，而那些爱不足的人，反而多情。,道不足的人多术，德不足的人多欲，信不足的人多言，威不足的人多怒，,道不足的人多术，德不足的人多欲，信不足的人多言，威不足的人多怒，而那些爱不足的人，反而多情。一旦你明白了这一点，那么恭喜你，你已经开始慢慢触碰到《道德经》里最核心的智慧：反者道之动，弱者道之用。你有没有发现，生活里有一类人特别爱立规矩，动不动就强调自己的原则和底线，可偏偏这类人最容易被人踩过去。还有一类人，逢人就讲自己多努力、多拼命，可讲得越用力，别人越不信。这不是巧合。这背后有一个规律：你越想证明什么，恰恰说明你内心在那里最空。心理学家阿德勒专门研究过这个现象，他把它叫作“过度补偿”。意思是，一个人在某个地方感到,道不足的人多术，德不足的人多欲，信不足的人多言，威不足的人多怒，而那些爱不足的人，反而多情。一旦你明白了这一点，那么恭喜你，你已经开始慢慢触碰到《道德经》里最核心的智慧：反者道之动，弱者道之用。你有没有发现，生活里有一类人特别爱立规矩，动不动就强调自己的原则和底线，可偏偏这类人最容易被人踩过去。,"引言 → 过度补偿：人们在某个地方感到匮乏时，会在行为上朝反方向使劲，试图用外在的强硬来盖住内在的虚弱，这就是""过度补偿""。 → 守弱：老子认为真正有效的方式是""守弱""，不硬顶不死磕，用时间换空间，用韧性换结果。 → 现实规律：现实中，那些不声不响但关键时刻能扛住的人更能长久，因为他们更能弯，而不是更硬。 → 结语：一个人外在呈现出来的过度的东西，往往就是他内心真正缺口的位置。",传统文本 + 现代概念/研究 + 历史人物,句数:58；短句重锤:31；反转词:26,可老子说的“弱”，根本不是软弱无能，而是一种主动选择的姿态：不硬顶，不死磕，不把力气用在错误的地方。 | 不是因为他们能力差，而是因为他们太满了，满到没有余地。 | 但像水一样，不是叫你没有原则，更不是叫你一味忍让，而是说，不要把自己活成一个固定的形状。,这不是在评判谁好谁坏，而是在告诉你一件事：一个人外在呈现出来的那些过度的东西，往往就是他内心真正缺口的位置。看透了这一点，你看人就不会再被表面迷惑；看自己，也会开始问那个真正值得问的问题：我现在执着的这件事，到底是真的重要，还是只是在填一个缺口？这个问题，比任何答案都值钱。,,传统概念现代化 + 情绪修复 + 分层/排比收束；默认迁移到认知成长主题,医学/神经科学 | 历史/名言归属 | 羞辱/高压表达,01_最终完整文案/7649729653048888612.transcript.reviewed.md,终审稿:7649729653048888612.transcript.reviewed.md；开头、前3秒近似口播与前30秒近似口播均由终审稿起始段落定位,允许检索调用原句、例子、案例、比喻、个人故事、具体事实、数字、口头表达和原始顺序；保留素材ID与来源，事实性内容发布前核验。
34,7650089773134138650,https://www.douyin.com/video/7650089773134138650,,354.6,35254,770,13747,5180,mature_31_65,身弱之人越拼越穷？记住：先求印，再求财！,财富_商业_执行,反常识/悖论 | 权威借力 | 现实场景 | 三级或清单 | 类比可视化 | 短句重锤 | 诗性升华,情绪被外界牵引、内耗而无法稳定行动,痛点或判断式标题,身弱之人，切记求印不求财。,身弱之人，切记求印不求财。不是我不懂命理，而是这句话恰恰跟命理没,身弱之人，切记求印不求财。不是我不懂命理，而是这句话恰恰跟命理没关系，跟你现在的状态有关。你有没有过这种感觉？忙了一整年，回头一看，账户还是原地踏步，甚至越努力越焦虑，越焦虑越乱决策，越乱决策越破财。很多人以为这是运气问题，其实根本不是，这是顺序错了。所谓“身弱”，不是说你身体不好，说的是一个人的心理状态：容易焦虑，患得患失，做事三分钟热度，被外界节奏一带就走；欲望很大，但落地极难。心里没有一根定海神针，外面稍微有个风吹草动，整个人就跟着晃。这种状态下去追财，会发生什么？王阳明说过一句话：“此心不动，随机而动。”这,身弱之人，切记求印不求财。不是我不懂命理，而是这句话恰恰跟命理没关系，跟你现在的状态有关。你有没有过这种感觉？,引言：身弱之人求印不求财，与命理无关，与状态有关。 → 身弱的表现：身弱之人心理状态易焦虑，做事三分钟热度，欲望大但落地难。 → 范蠡的故事：范蠡辅佐勾践后离开，先积累再聚财，三聚三散，值得学习。 → 补印的重要性：先补印，再担财，提高承载力，包括身体、认知和情绪层面。 → 身弱之人的做法：身弱之人应靠养不靠拼，停止消耗，清理信息垃圾，管住情绪。 → 结语：先养生、定认知、修心，再自然来财，颠倒顺序会导致越忙越穷。,传统文本 + 历史人物 + 生活场景 + 类比意象,句数:88；短句重锤:56；反转词:24,不是我不懂命理，而是这句话恰恰跟命理没关系，跟你现在的状态有关。,短期看起来是在退步，甚至是在浪费时间，但根扎深了，树自然长。身弱之人，一旦把这个顺序理清楚，你会发现，以前追了很久追不到的东西，开始主动往你这里靠。不是你变了多少，是你的承载力终于配得上它了。,破局不是要你更努力，是要你先停下来，把底子补好。,传统概念现代化 + 情绪修复 + 分层/排比收束；默认迁移到认知成长主题,投资/财务 | 历史/名言归属 | 绝对化承诺,01_最终完整文案/7650089773134138650.transcript.reviewed.md,终审稿:7650089773134138650.transcript.reviewed.md；开头、前3秒近似口播与前30秒近似口播均由终审稿起始段落定位,允许检索调用原句、例子、案例、比喻、个人故事、具体事实、数字、口头表达和原始顺序；保留素材ID与来源，事实性内容发布前核验。
35,7650451125698710811,https://www.douyin.com/video/7650451125698710811,,319.4,191412,3827,47644,37972,mature_31_65,为什么对孩子最好的“托举”，在鲁迅眼里其实也算不上恩？,家庭_关系_情感,反常识/悖论 | 概念命名 | 权威借力 | 现实场景 | 三级或清单 | 短句重锤 | 诗性升华,缺少方向或正反馈，怀疑自己是否走错,痛点或判断式标题,鲁迅的超前之处就在于，就连托举，他都不觉得是恩。,鲁迅的超前之处就在于，就连托举，他都不觉得是恩。我们现在总说：“,鲁迅的超前之处就在于，就连托举，他都不觉得是恩。我们现在总说：“生养不是恩，托举才是恩。”而这句话在鲁迅先生那里，其实也只对了一半。迅哥在一百年前就写过：“饮食的结果，养活了自己，对于自己没有恩；繁殖本能的结果，生出子女，对于子女当然也算不了恩。”这个逻辑很多人接受了，但接下来他说的话，大多数人没读完。他说，就算是托举，一旦开口说“恩”，那这个“恩”字本身，就已经把亲情毁掉了。为什么？你可能觉得，我把孩子养大，供他读书，帮他出头，这明明是付出，说声“恩”不过分。但“恩”这个字，天生带着一个影子：报偿。你说恩，就意味,鲁迅的超前之处就在于，就连托举，他都不觉得是恩。我们现在总说：“生养不是恩，托举才是恩。”而这句话在鲁迅先生那里，其实也只对了一半。,引言 → 鲁迅的观点：鲁迅认为生养和托举都不算恩，因为“恩”字意味着欠债和报偿，会毁掉亲情。 → “隐形家庭账本”：“隐形家庭账本”导致家人之间互相对账、索偿，孩子会产生愧疚感，而不是感恩。 → 真正的爱：真正的爱是放孩子到宽阔光明的地方去，不需要孩子回来感谢。 → 如何区分爱与控制：通过观察自己在父母面前的状态，可以区分爱与控制。 → 结语：爱不应是一笔账，要停止内疚，守住自己的边界。,现代概念/研究 + 生活场景,句数:71；短句重锤:37；反转词:19,不是因为爱有多深，而是因为欠得太多，还不清。 | 它的功能，不是让孩子感受到温暖，而是让孩子永远记得：你亏欠着。,你活得越来越扭曲，那才是对这个家最大的损失。鲁迅那句话，放在今天听起来还是那么硬：生养不是恩，托举也不是恩，因为爱本来就不应该是一笔账。如果你也在这样的家庭里长大，请从现在开始，停止那个没有来由的内疚，守住自己的边界，把那些本来就不属于你的债，还给它们该去的地方。,,传统概念现代化 + 情绪修复 + 分层/排比收束；默认迁移到认知成长主题,医学/神经科学 | 历史/名言归属 | 绝对化承诺,01_最终完整文案/7650451125698710811.transcript.reviewed.md,终审稿:7650451125698710811.transcript.reviewed.md；开头、前3秒近似口播与前30秒近似口播均由终审稿起始段落定位,允许检索调用原句、例子、案例、比喻、个人故事、具体事实、数字、口头表达和原始顺序；保留素材ID与来源，事实性内容发布前核验。
36,7650820361054883106,https://www.douyin.com/video/7650820361054883106,,343.6,15956,122,6596,1997,mature_31_65,段永平：“本分”的复利：以“不为”赢大半辈子的反直觉商业哲学,财富_商业_执行,反常识/悖论 | 身份分层 | 替观众反驳 | 类比可视化 | 短句重锤 | 诗性升华,缺少方向或正反馈，怀疑自己是否走错,痛点或判断式标题,段永平说：“决定成功最重要的不是努力，而是坚持做对的事情，把事情做对。,段永平说：“决定成功最重要的不是努力，而是坚持做对的事情，把事情,段永平说：“决定成功最重要的不是努力，而是坚持做对的事情，把事情做对。”今天我们要聊的，就是中国商业市场的隐形教父——段永平。他二十八岁缔造小霸王，三十四岁创立步步高，亲手带出了OPPO、vivo，还有拼多多的黄峥。但在四十岁事业最巅峰的时候，选择回归家庭，彻底隐退。你可能以为这个人会消失在历史里，结果他从幕后几美分抄底网易，重仓苹果拿了十四年，还花了六十二万美元跟巴菲特吃了顿饭。一个自称胸无大志的人，凭什么赢了大半辈子？他的逻辑，跟我们从小被教的那一套，几乎完全相反。先说一件很多人会反直觉的事：永不放弃，其实是个,段永平说：“决定成功最重要的不是努力，而是坚持做对的事情，把事情做对。”今天我们要聊的，就是中国商业市场的隐形教父——段永平。他二十八岁缔造小霸王，三十四岁创立步步高，亲手带出了OPPO、vivo，还有拼多多的黄峥。,引言 → 及时止损：段永平认为永不放弃只对了一半，选择错误的路及时止损才是进步。 → 拒绝快钱：段永平认为赚快钱是透支运气，能力是有逻辑支撑的，无法重复的快钱本质上是一场跟未来的借贷。 → 慢的智慧：步步高每年只用三四成力气发展利润，多出来的精力去建生产线稳供应链，给经销商让利，这种慢是一种武器。 → 不设目标：段永平认为设定目标和KPI可能是件蠢事，真正的赢家是用少犯错的确定性去对冲市场的不确定性。 → 坚持的本质：段永平认为坚持的本质是对终点有了100%的确认感，路上的所有波折都不会让你失望。 → 排除法：段永平整个人生哲学里最底层的东西是成功靠的是排除法，他守着三条死线，不做空、不借钱、不懂不碰。,类比意象,句数:76；短句重锤:43；反转词:17,段永平说：“决定成功最重要的不是努力，而是坚持做对的事情，把事情做对。 | 说到这里，你可能会想：既然要规避风险，是不是应该去找那些爆发力强、回本快的机会？ | 他能控制的，只有每一天的动作是不是正确的。,段永平曾经说，他从来没有什么远大的人生目标，就想把日子过好。但恰恰是这种看似漫不经心的平常心，让他在几十年的商业时间里，几乎从不在同一个地方跌倒两次。所谓向后的力量，不是退缩，是在你伸手之前，先学会怎么砍掉不该要的东西。,,传统概念现代化 + 情绪修复 + 分层/排比收束；默认迁移到认知成长主题,投资/财务 | 绝对化承诺,01_最终完整文案/7650820361054883106.transcript.reviewed.md,终审稿:7650820361054883106.transcript.reviewed.md；开头、前3秒近似口播与前30秒近似口播均由终审稿起始段落定位,允许检索调用原句、例子、案例、比喻、个人故事、具体事实、数字、口头表达和原始顺序；保留素材ID与来源，事实性内容发布前核验。
37,7651189369163894043,https://www.douyin.com/video/7651189369163894043,,290.41,64894,345,21897,7816,mature_31_65,知道心邪者多疑的下一句吗？心邪者多疑，量小者易怒，才疏者好辩 志短者长怨,传统智慧_现代认知,反常识/悖论 | 权威借力 | 现实场景 | 三级或清单 | 行动方案 | 诗性升华,关系中的期待、控制、误解或不安全感,痛点或判断式标题,知道“心邪者多疑”的下一句吗？,知道“心邪者多疑”的下一句吗？心邪者多疑，量小者易怒，才疏者好辩,知道“心邪者多疑”的下一句吗？心邪者多疑，量小者易怒，才疏者好辩，志短者常怨。这四句话，其实说的是同一件事：一个人身上最藏不住的东西，是他内心真实的格局。你别觉得这是在说别人。生活里有一种人，特别容易在别人的话里找问题。同事随口说一句“今天状态不错”，他能想半天：“是不是在暗示我平时状态差？”领导开会表扬了别人，他回去反复琢磨：“是不是对我有意见？”这种人不是天生敏感，是因为自己心里有东西。《道德经》里说：“自知者明。”真正内心坦荡的人，不需要从别人的眼神里找安全感。但一个心里装着算计的人，自然会把周围所有人都当成,知道“心邪者多疑”的下一句吗？心邪者多疑，量小者易怒，才疏者好辩，志短者常怨。这四句话，其实说的是同一件事：一个人身上最藏不住的东西，是他内心真实的格局。,引言 → 心邪者多疑：心邪者多疑，项羽因多疑失去范增，导致失败。 → 量小者易怒：量小者易怒，项羽因量小失去人才，导致失败。 → 才疏者好辩：才疏者好辩，项羽因好辩失去自我修正机会，导致失败。 → 志短者常怨：志短者常怨，项羽因志短放弃自我，导致失败。 → 结语,传统文本 + 历史人物 + 生活场景,句数:69；短句重锤:45；反转词:23,同事随口说一句“今天状态不错”，他能想半天：“是不是在暗示我平时状态差？ | ”领导开会表扬了别人，他回去反复琢磨：“是不是对我有意见？ | 量小，不是说脾气差，而是说一个人内心能承载的东西太少：承载不了批评，承载不了不同的声音，承载不了局面不在自己掌控中的那种感觉。,这四句话说的不是四种人，说的是同一个人在不同时刻的状态。我们每个人身上，或多或少都有这些影子。看见它，才能不被它带着走。,,传统概念现代化 + 情绪修复 + 分层/排比收束；默认迁移到认知成长主题,历史/名言归属 | 绝对化承诺,01_最终完整文案/7651189369163894043.transcript.reviewed.md,终审稿:7651189369163894043.transcript.reviewed.md；开头、前3秒近似口播与前30秒近似口播均由终审稿起始段落定位,允许检索调用原句、例子、案例、比喻、个人故事、具体事实、数字、口头表达和原始顺序；保留素材ID与来源，事实性内容发布前核验。
38,7651567388554431763,https://www.douyin.com/video/7651567388554431763,,328.51,3091,22,1352,367,mature_31_65,改运的本质：破除“倒果为因”，由外求转向内求,传统智慧_现代认知,反常识/悖论 | 权威借力 | 类比可视化 | 短句重锤 | 行动方案 | 诗性升华,情绪被外界牵引、内耗而无法稳定行动,痛点或判断式标题,其实改运根本不用去拜大师。,其实改运根本不用去拜大师。人生所有的不顺，根源都是你一直在做“倒,其实改运根本不用去拜大师。人生所有的不顺，根源都是你一直在做“倒果为因”的傻事。佛家讲因果，最根本的就是一条：自作自受。你别光听这四个字就害怕。完整的内容是：自福自求，自业自消，自命自立，自主自运，自正自得。说白了，你就是自己命运的唯一负责人、唯一靠山。我先讲一个故事。以前有一名非常出色的雕刻家，总能完成惊世骇俗的作品。有人问他：“您是怎么从一块普通的大理石里，雕出这么伟大的作品的？”他说了一句话：“大卫一直就在石头里，我只是把那些不属于他的部分凿掉而已。”这句话其实说的是我们每个人。你现在遇到的所有问题，不是因为,其实改运根本不用去拜大师。人生所有的不顺，根源都是你一直在做“倒果为因”的傻事。佛家讲因果，最根本的就是一条：自作自受。,"引言 → 雕刻家的启示：雕刻家通过凿掉不属于大卫的部分，完成了伟大的作品，启示我们要凿掉身上挡路的部分。 → 把果当成因：很多人把果当成因在追，应该把注意力从盯着果转移到培育""因""上面。 → 感情中的过度补偿：健康的爱是个果，它的因是你这个人够不够完整，够不够独立，你自己爱不爱自己。 → 具体做法：每天晚上问自己一个问题，我今天做的哪一件事是在种因还是在追果？",现代概念/研究 + 历史人物,句数:84；短句重锤:59；反转词:20,你现在遇到的所有问题，不是因为你缺少什么，而是因为你身上有一些东西在挡着你。 | 所谓改运，不是让你往身上加东西，而是帮你把那些挡路的、错误的、消耗你能量的部分，一块一块凿掉。 | 但他在那里做了一件事：不是等待翻身，不是向外求助，而是每天逼着自己追问一个问题：“我心里到底有什么是假的？,这种感觉，就是你和自己之间开始建立信任的信号。改运的本质，从来不是去外面找什么，而是往内把那些挡路的石块凿掉。大卫一直在那里，你也一直都在。,你不需要去贵州，但你可以从今天开始，每天晚上问自己一个问题：我今天做的哪一件事，是在种因，还是在追果？,传统概念现代化 + 情绪修复 + 分层/排比收束；默认迁移到认知成长主题,医学/神经科学 | 历史/名言归属 | 宗教/传统概念 | 绝对化承诺,01_最终完整文案/7651567388554431763.transcript.reviewed.md,终审稿:7651567388554431763.transcript.reviewed.md；开头、前3秒近似口播与前30秒近似口播均由终审稿起始段落定位,允许检索调用原句、例子、案例、比喻、个人故事、具体事实、数字、口头表达和原始顺序；保留素材ID与来源，事实性内容发布前核验。
39,7652000331357883682,https://www.douyin.com/video/7652000331357883682,,300.16,3848,18,1466,424,mature_31_65,天赋不会消失，消失的是那个心气,行动_系统_能力,反常识/悖论 | 权威借力 | 现实场景 | 三级或清单 | 短句重锤 | 行动方案 | 诗性升华,缺少方向或正反馈，怀疑自己是否走错,痛点或判断式标题,天赋不会消失，消失的只是心气。,天赋不会消失，消失的只是心气。大家可能听过一句话：“再不努力的话,天赋不会消失，消失的只是心气。大家可能听过一句话：“再不努力的话，你的天赋就会被收走。”但实际上，天赋是不会消失的，消失的是你的心气。你有没有发现，一个人状态最好的阶段，做什么都顺，脑子转得飞快，别人觉得难的事，你觉得不过如此。那不是运气，那是心气在给天赋供能。天赋是发动机，心气才是燃油。燃油一断，发动机再好，也只是一堆废铁。那心气是什么？说白了，就是你愿意克服困难的那股劲。心气充沛的人，你一眼能看出来：眼里有光，说话掷地有声，遇到问题第一反应是“我要怎么搞定它”。心气没了的人，也一眼能看出来。不是愤怒，不是崩溃，,天赋不会消失，消失的只是心气。大家可能听过一句话：“再不努力的话，你的天赋就会被收走。”但实际上，天赋是不会消失的，消失的是你的心气。,引言 → 心气的重要性：心气是克服困难的动力，能让天赋发挥作用，心气充沛的人眼里有光，说话掷地有声，遇到问题第一反应是解决问题。 → 心气的崩塌：斯坦福大学心理学家德威克的实验表明，一个人真正垮掉是因为开始相信失败证明了自己有问题，这种逻辑一旦形成就很难停下来。心气的崩塌是一个缓慢渗透的过程，关键是要打破心里那些反正也不行的念头。 → 找回心气的方法：心气的重建必须从内部开始，从小到不可能失败的事情开始，慢慢积累，让心里的火种不灭，逐渐挑战稍微有点难度的事，拿到结果，让“我可以”的声音越来越大。,传统文本 + 现代概念/研究 + 历史人物 + 类比意象,句数:88；短句重锤:70；反转词:20,不是愤怒，不是崩溃，而是一种很深的疲惫。 | 这个实验说明一件事：一个人真正垮掉，不是因为能力不够，而是因为他开始相信，失败证明了自己有问题。 | 不是因为好事不会发生，而是因为一个心气已经垮掉的人，就算好事真的来了，他也接不住。,但心里要记住一件事：你是有一条路要走的。那把剑还在，只是暂时埋着。可以失败，但随时可以重新出发。,但心里要记住一件事：你是有一条路要走的。,传统概念现代化 + 情绪修复 + 分层/排比收束；默认迁移到认知成长主题,医学/神经科学 | 历史/名言归属 | 绝对化承诺,01_最终完整文案/7652000331357883682.transcript.reviewed.md,终审稿:7652000331357883682.transcript.reviewed.md；开头、前3秒近似口播与前30秒近似口播均由终审稿起始段落定位,允许检索调用原句、例子、案例、比喻、个人故事、具体事实、数字、口头表达和原始顺序；保留素材ID与来源，事实性内容发布前核验。
40,7652356227367767338,https://www.douyin.com/video/7652356227367767338,,336.06,13011,117,5968,1877,mature_31_65,真正厉害的人，都懂得：慢慢来。事缓则圆，人缓则安，语迟则贵,行动_系统_能力,反常识/悖论 | 概念命名 | 权威借力 | 现实场景 | 三级或清单 | 短句重锤 | 诗性升华,情绪被外界牵引、内耗而无法稳定行动,身份/境界重新定义,真正厉害的人，都懂得慢慢来。,真正厉害的人，都懂得慢慢来。事缓则圆，人缓则安，语迟则贵。身处低,真正厉害的人，都懂得慢慢来。事缓则圆，人缓则安，语迟则贵。身处低谷的时候，你误以为生活是个磨盘，将你碾碎。后来才明白，生活只不过是在教你细腻，并帮你呈上人生的细节，避免你太过粗糙地度过这一生。人生总有起起落落。当努力了许久仍然没有转机的时候，不必灰心丧气。别忘了，有一种欣喜叫触底反弹，有一种快乐叫柳暗花明，还有一种定数叫否极泰来。你有没有发现，越是着急，事情越是拧？心理学上有个概念叫“认知闭合需求”。简单说，就是一个人越焦虑，就越想快速得到一个确定的答案，越想快速解决问题。听起来没什么问题，对不对？但实验发现，认知,真正厉害的人，都懂得慢慢来。事缓则圆，人缓则安，语迟则贵。身处低谷的时候，你误以为生活是个磨盘，将你碾碎。,引言 → 急于求成的代价：认知闭合需求高的人决策质量差，焦虑会伪装成紧迫感，让人做出错误判断。 → 慢的真正含义：慢是一种主动的节奏感，给自己留出发酵期，让大脑在放松状态下工作。 → 情绪管理：情绪激烈时避免做涉及人的决定，重要事情睡一觉再说，与钱有关的事缓一缓。 → 语迟则贵：说话前默数3秒，确认是解决问题还是发泄情绪，说话留有余地。 → 慢与结果的关系：慢是关注过程，每天进步一点点，扎实积累，结果自然会出现。 → 结语：慢慢来是为了做出更好的判断，说出更有分量的话，走出更稳的每一步。,现代概念/研究 + 生活场景,句数:85；短句重锤:56；反转词:31,你有没有发现，那些在职场里真正说话有分量的人，往往不是说得最多的人，而是说得最少、但每次开口都很准的人？ | 他们大多数不是跑得最快的，而是跑得最稳的。 | 慢慢来，不是让时间替你解决问题，而是让你有足够的空间，做出更好的判断，说出更有分量的话，走出更稳的每一步。,慢下来，才是真正的自信。别着急，沉下来。慢慢来，慢慢变好。,,传统概念现代化 + 情绪修复 + 分层/排比收束；默认迁移到认知成长主题,医学/神经科学 | 历史/名言归属 | 绝对化承诺,01_最终完整文案/7652356227367767338.transcript.reviewed.md,终审稿:7652356227367767338.transcript.reviewed.md；开头、前3秒近似口播与前30秒近似口播均由终审稿起始段落定位,允许检索调用原句、例子、案例、比喻、个人故事、具体事实、数字、口头表达和原始顺序；保留素材ID与来源，事实性内容发布前核验。
41,7652699613761228083,https://www.douyin.com/video/7652699613761228083,,572.42,117631,1282,41681,13809,mature_31_65,什么才是真正的胜败荣辱绝学,传统智慧_现代认知,反常识/悖论 | 身份分层 | 概念命名 | 权威借力 | 现实场景 | 三级或清单 | 类比可视化 | 短句重锤 | 诗性升华,情绪被外界牵引、内耗而无法稳定行动,痛点或判断式标题,你不信风水，就很难成事。,你不信风水，就很难成事。你知道李嘉诚之所以能成为香港首富，是因为,你不信风水，就很难成事。你知道李嘉诚之所以能成为香港首富，是因为他的办公室后面挂了两个字，那就是“知止”。所以你知道吗？真正的强者，从来不会站在山顶跳舞，而是在距离悬崖三步之时转身离开。你们仔细想一想，有多少人是在跟领导打交道的时候，多说一句话而毁掉前程？有多少人是在亲密关系中，用了无数的“我为你好”而逼走了爱人？又有多少人是在投资的时候，被“再涨百分之五”的贪婪吞噬了本金？《道德经》说：“大智知止，小智为谋。”而这句话背后，其实藏着一本几乎没人知道的书。全书只有九百二十六个字，却道破了古往今来所有顶级人物的底层逻,你不信风水，就很难成事。你知道李嘉诚之所以能成为香港首富，是因为他的办公室后面挂了两个字，那就是“知止”。所以你知道吗？,引言 → 智卷：聪明是双刃剑，真正有智慧的人不担心谋略不够，只担心德行有失。 → 用势卷：顺势而为，在乘风起势之时保持清醒，知道什么时候该下车。 → 利卷：欲望没有终点，真正有大智慧的人知道自己能装多少不该碰的东西。 → 辩卷：话说出去就是泼出去的水，给别人留面子，给自己留退路。 → 誉卷：名誉难以成事却能坏事，过度追求名誉会变成成功路上的绊脚石。 → 情卷：世间所有事情凡是不顺的几乎都能追溯到情这个字，要控制在一个合理的范围内。 → 蹇卷：把困境转化为顺境，懂得尊重客观规律，适时调整心态。 → 释怨卷：仇恨只会降低你的智商，真正的回击是无视他，按自己的节奏把自己做好。 → 心卷：你的心境决定你的人生，懂得见好就收的人往往能落袋为安。,传统文本 + 现代概念/研究 + 类比意象,句数:122；短句重锤:62；反转词:44,更让人惊讶的是，王通真正出名靠的不是孙子，而是他培养出了唐太宗李世民、魏征、房玄龄这一整批开国功臣。 | 但王通真正想说的，不是怎么找势、怎么借势，而是一旦上了势，你就只能被外力推着走。 | 真正有大智慧的人，不是因为他拥有多少，而是因为他清楚地知道自己能装多少。,所以，知止不是停下来不动，而是在最关键的节点上，做出最清醒的判断。知止不是退缩，是更高级的进取；藏智不是愚钝，是更深邃的清醒。你越能在该停的时候停下来，你就越能在该走的时候走得更远。,所以，知止不是停下来不动，而是在最关键的节点上，做出最清醒的判断。 | 你越能在该停的时候停下来，你就越能在该走的时候走得更远。,传统概念现代化 + 情绪修复 + 分层/排比收束；默认迁移到认知成长主题,投资/财务 | 医学/神经科学 | 历史/名言归属 | 宗教/传统概念 | 绝对化承诺,01_最终完整文案/7652699613761228083.transcript.reviewed.md,终审稿:7652699613761228083.transcript.reviewed.md；开头、前3秒近似口播与前30秒近似口播均由终审稿起始段落定位,允许检索调用原句、例子、案例、比喻、个人故事、具体事实、数字、口头表达和原始顺序；保留素材ID与来源，事实性内容发布前核验。
42,7653052955993656628,https://www.douyin.com/video/7653052955993656628,,420.37,82234,480,40710,7194,mature_31_65,如何在没正反馈时坚持？,行动_系统_能力,反常识/悖论 | 概念命名 | 权威借力 | 三级或清单 | 类比可视化 | 短句重锤 | 行动方案,情绪被外界牵引、内耗而无法稳定行动,痛点或判断式标题,如何在缺少正反馈的情况下，依旧保持极高的执行力，去坚持做一件事情？,如何在缺少正反馈的情况下，依旧保持极高的执行力，去坚持做一件事情,如何在缺少正反馈的情况下，依旧保持极高的执行力，去坚持做一件事情？你只需要记住这句话：“明道若昧，进道若退。”在努力一段时间之后，人会陷入一种极度的自我怀疑。那种感觉，就像是在黑夜里蒙着眼睛走路。你拼命地往前迈步，却感觉不到任何阻力，也看不到任何路标，甚至怀疑自己是不是一直在原地打转。这时候，那种想要放弃的冲动会变得非常强烈。但我们来看苏轼的一生。他被贬三次，最后一次贬到儋州，也就是今天的海南岛。那是北宋版图里条件最恶劣的地方之一，没有朋友圈，没有学术交流，甚至连像样的房子都没有。他一开始住在官舍里，后来连官舍也被,如何在缺少正反馈的情况下，依旧保持极高的执行力，去坚持做一件事情？你只需要记住这句话：“明道若昧，进道若退。”在努力一段时间之后，人会陷入一种极度的自我怀疑。,引言 → 苏轼的例子：苏轼在儋州遭受挫折，但他坚持写作和研究，最终取得成就。 → 信息与正反馈：正反馈是高质量信息输入，现实世界信息传递有滞后性。 → 大脑的机制：大脑倾向于接受及时验证的信息，预测误差信号中断会导致放弃。 → 过度补偿的风险：过度补偿会导致系统震荡，消耗意志力，最终导致失败。 → 稳健控制模型：稳健控制模型强调保持稳定节奏，关注信息积累，而非结果。,现代概念/研究 + 历史人物 + 生活场景 + 类比意象,句数:87；短句重锤:43；反转词:25,你拼命地往前迈步，却感觉不到任何阻力，也看不到任何路标，甚至怀疑自己是不是一直在原地打转。 | 但如果你从信息的角度去拆解它，会发现一件事：你感到绝望，不是因为你走错了路，而是因为你手里的信息量，还不够支撑你的大脑算出一个正向的概率。 | 那些最终做成一件事的人，往往不是在过程中得到最多鼓励的人，而是在最长的沉默期里没有放弃的人。,所以下次，当你又陷入那种感觉，觉得自己像在原地打转，觉得努力没有任何意义，先停下来问自己一个问题：我现在是真的走偏了，还是只是还没到反馈到来的那一刻？如果是后者，答案很简单：保持节奏，等待信号。只要系统还在运转，胜利就只是一个时间问题。,所以下次，当你又陷入那种感觉，觉得自己像在原地打转，觉得努力没有任何意义，先停下来问自己一个问题：我现在是真的走偏了，还是只是还没到反馈到来的那一刻？,传统概念现代化 + 情绪修复 + 分层/排比收束；默认迁移到认知成长主题,医学/神经科学 | 绝对化承诺,01_最终完整文案/7653052955993656628.transcript.reviewed.md,终审稿:7653052955993656628.transcript.reviewed.md；开头、前3秒近似口播与前30秒近似口播均由终审稿起始段落定位,允许检索调用原句、例子、案例、比喻、个人故事、具体事实、数字、口头表达和原始顺序；保留素材ID与来源，事实性内容发布前核验。
43,7653429133493439786,https://www.douyin.com/video/7653429133493439786,,382.93,36395,420,12761,4131,mature_31_65,心不死道不生，想觉醒1%靠别人提醒，99%靠千刀万剐,情绪_自我成长,反常识/悖论 | 身份分层 | 概念命名 | 权威借力 | 现实场景 | 类比可视化 | 短句重锤 | 诗性升华,情绪被外界牵引、内耗而无法稳定行动,痛点或判断式标题,一个人觉醒，百分之一靠别人提醒，百分之九十九靠千刀万剐。,一个人觉醒，百分之一靠别人提醒，百分之九十九靠千刀万剐。真正能让,一个人觉醒，百分之一靠别人提醒，百分之九十九靠千刀万剐。真正能让人如梦初醒，看透人情世故和世界真相的，只有经历吃亏、后悔、受伤和低谷的绝境。就像《道德经》里说的：“心不死，则道不生。”一个人在陷入绝境之前，总还抱着各种幻想和期待。我们指望亲情、友情、爱情能拉自己一把，幻想有人能拯救自己于水火。但现实通常很残酷。我们会发现，任何一种感情都不是无条件的。尤其是没有背景的普通人，我们身上常常背负着整个家庭的期望。当我们能满足这些期望时，爱是存在的；但当我们失败，爱可能就消失了，取而代之的可能是嫌弃、嘲讽、冷眼，甚至指责。,一个人觉醒，百分之一靠别人提醒，百分之九十九靠千刀万剐。真正能让人如梦初醒，看透人情世故和世界真相的，只有经历吃亏、后悔、受伤和低谷的绝境。就像《道德经》里说的：“心不死，则道不生。,引言 → 绝境的启示：绝境会让人看清人情世故和世界真相，任何感情都不是无条件的，社交关系的底层逻辑是价值交换。 → 认知失调与逃避：认知失调会让人逃避问题，问题会越积越深。 → 面对痛苦与觉醒：真正改变的人会停下来面对痛苦，承认自己无法控制一切，从而开始向内找答案。 → 林黛玉的清醒：林黛玉是红楼梦中最清醒的人，她的清醒是被逼出来的。 → 归因的重要性：同样遭遇绝境，有人越挫越清醒，有人却越陷越深，差别在于归因。 → 接受人性的常态：接受人性的常态，不再指望别人，怨恨会慢慢松开。 → 重建信仰体系：重建信仰体系，关注自己内心的声音。 → 结语：苦难本身不值得庆幸，改变取决于在痛苦中的选择。,传统文本 + 现代概念/研究 + 历史人物 + 生活场景 + 类比意象,句数:94；短句重锤:57；反转词:37,但他真正悟出那套心学，不是在书斋里，而是在被人陷害、流放贵州、险些丧命的绝境里。 | 这不是文学夸张，而是真实的心理过程。 | 所谓“心死”，不是绝望，而是那些虚假的期待终于死了。,但如果你现在正好在某个低谷里，有一件事值得记住：让你改变的，从来不是那个痛苦，而是你在痛苦里做的那些选择——是逃，是看，还是慢慢想通。心死，道不生。当幻想死了，你才真正开始活。,但如果你现在正好在某个低谷里，有一件事值得记住：让你改变的，从来不是那个痛苦，而是你在痛苦里做的那些选择——是逃，是看，还是慢慢想通。,传统概念现代化 + 情绪修复 + 分层/排比收束；默认迁移到认知成长主题,医学/神经科学 | 历史/名言归属 | 绝对化承诺,01_最终完整文案/7653429133493439786.transcript.reviewed.md,终审稿:7653429133493439786.transcript.reviewed.md；开头、前3秒近似口播与前30秒近似口播均由终审稿起始段落定位,允许检索调用原句、例子、案例、比喻、个人故事、具体事实、数字、口头表达和原始顺序；保留素材ID与来源，事实性内容发布前核验。
44,7653813315168259334,https://www.douyin.com/video/7653813315168259334,,448.24,4803,184,1560,715,mature_31_65,为什么算命先生能算准你的人生？云谷禅师一句话，戳破了所有凡夫 的遮羞布,情绪_自我成长,反常识/悖论 | 身份分层 | 概念命名 | 权威借力 | 三级或清单 | 短句重锤 | 行动方案 | 诗性升华,情绪被外界牵引、内耗而无法稳定行动,痛点或判断式标题,有没有喜欢算一算的朋友？,有没有喜欢算一算的朋友？你觉得是算得准好，还是算得不准好？你觉得,有没有喜欢算一算的朋友？你觉得是算得准好，还是算得不准好？你觉得人生剧本是可以改变的吗？大家怎么想，可以把自己的想法写在评论区。关于人生剧本，有两种完全不同的说法。一种是“万般皆是命，半点不由人”；另外一种是“我命由我不由天”。但是我更愿意相信后者。今天的故事来自《了凡四训》。这其实是一个叫袁了凡的人写给儿子的四则家训，但是很多人把它当作改变人生轨迹的奇书。这本书的主角袁了凡，二十岁那年，在寺庙里遇到了一位算命先生，姓孔。这位孔先生说，自己得了宋朝邵康节皇极数的真传。开口就说了一句让袁了凡愣在原地的话：“你不是学医,有没有喜欢算一算的朋友？你觉得是算得准好，还是算得不准好？你觉得人生剧本是可以改变的吗？,引言 → 袁了凡的故事：袁了凡遇到算命先生，被算出一生轨迹，后因命运已定而放弃努力，直到遇到云谷禅师。 → 行为惯性：算命先生算准的是人的行为模式，因为人的行为大多是重复过去的模式。 → 命由我作：云谷禅师认为命由我作，通过改变念头和行为可以改变命运。 → 自我效能感：袁了凡通过做三千件好事改变了自己，自我效能感实验也证明了这一点。 → 结语：改变认知可以改变命运，命运是由自己的选择叠出来的。,传统文本 + 现代概念/研究 + 生活场景,句数:123；短句重锤:88；反转词:19,一个算命先生真正算准的，不是什么天机，而是他看穿了你的行为模式，然后根据这套模式往后推演。 | 你想一想，你现在最想要的东西，你是不是一边想要，一边觉得自己不配，或者觉得根本不可能？ | 不是让你忘掉过去，而是不要让过去的自己继续替你做选择。,世间唯一不变的就是变。如果你能变，运就能变；如果你不变，算命先生永远比你更清楚你的下一步。所以，你到底想不想让他算不准？,只要你觉得它可以变，你就会去做。,传统概念现代化 + 情绪修复 + 分层/排比收束；默认迁移到认知成长主题,医学/神经科学 | 历史/名言归属 | 宗教/传统概念 | 绝对化承诺,01_最终完整文案/7653813315168259334.transcript.reviewed.md,终审稿:7653813315168259334.transcript.reviewed.md；开头、前3秒近似口播与前30秒近似口播均由终审稿起始段落定位,允许检索调用原句、例子、案例、比喻、个人故事、具体事实、数字、口头表达和原始顺序；保留素材ID与来源，事实性内容发布前核验。
45,7654183060182682890,https://www.douyin.com/video/7654183060182682890,,470.31,228503,1304,116752,28931,mature_31_65,为什么你越想越心烦？道门114字冰心诀，专治现代人的精神内耗,传统智慧_现代认知,反常识/悖论 | 身份分层 | 权威借力 | 现实场景 | 三级或清单 | 类比可视化 | 短句重锤 | 诗性升华,情绪被外界牵引、内耗而无法稳定行动,为什么X却Y的反常识问句,你知道，道家对于胡思乱想和心烦意乱，其实是有心法口诀的，只是很多人不知道。,你知道，道家对于胡思乱想和心烦意乱，其实是有心法口诀的，只是很多,你知道，道家对于胡思乱想和心烦意乱，其实是有心法口诀的，只是很多人不知道。市面上很多人教的冥想、静心这些西洋玩意，其实根本就没有我们老祖宗的东西好。所以今天我要说的是道门的《冰心诀》。如果最近真的是感觉非常烦躁，感觉自己的心火被人一点就着，自己根本就无法定心的朋友，那么今天这个视频，我保证对你绝对有用。这个口诀一共只有114个字。我自己烦闷的时候，每天都会默念几遍，每次念完都感觉内心安静了不少。而且你会发现，心一旦静下来，脑子好像突然开窍了，很多之前怎么想都想不通的事，反而自己就解决了。这不是玄学，我后面会解释为什,你知道，道家对于胡思乱想和心烦意乱，其实是有心法口诀的，只是很多人不知道。市面上很多人教的冥想、静心这些西洋玩意，其实根本就没有我们老祖宗的东西好。所以今天我要说的是道门的《冰心诀》。,引言 → 心若冰清，天塌不惊：心若冰清，天塌不惊，强调平时养定心境，而非事到临头硬撑。 → 万变犹定，神怡气静：万变犹定，神怡气静，保持内心定点，不受外界干扰。 → 尘垢不沾，俗相不染：尘垢不沾，俗相不染，虚空凝密，浑然无物，放下烦恼，扩大视野。 → 无有相生，难易相成：无有相生，难易相成，在变化中找平衡，避免内耗。 → 份与物忘，同乎浑涅：份与物忘，同乎浑涅，天地无涯，万物齐一，飞花落叶，虚怀若谷，投入当下，物我两忘。 → 水流心不惊，云在意俱迟：水流心不惊，云在意俱迟，保持柔软和顺势，不被困住。 → 千般烦忧，才下心头：千般烦忧，才下心头，先放下烦恼，再清明头脑。 → 心无挂碍，一无所知：心无挂碍，一无所知，放下执念，清空内心。 → 一心不坠物，古今自逍遥：一心不坠物，古今自逍遥，明确目标，放下不重要的事情。,传统文本 + 历史人物 + 生活场景 + 类比意象,句数:97；短句重锤:55；反转词:42,他说真正的功夫，不是情绪来了之后硬压，而是平时就把心养定，等情绪真来了，它自然冲不垮你。 | 这跟《冰心诀》的思路是一模一样的：不是教你事到临头撑着，而是平时就把这个“定”字练进去。 | 这不是事情本身多严重，而是心乱了之后，什么事情都变成了威胁，哪哪儿都是刺。,不用强求什么感悟，就当一个工具用。烦躁的时候念一遍，让自己的注意力有个地方可以落，比你对着天花板想东想西有用得多。能背下来当然更好，背熟了之后你会发现，某些时刻它会自己冒出来，那个时候才是真的用上了。,”114个字，建议你把它存下来，或者直接背下来。 | 能背下来当然更好，背熟了之后你会发现，某些时刻它会自己冒出来，那个时候才是真的用上了。,传统概念现代化 + 情绪修复 + 分层/排比收束；默认迁移到认知成长主题,历史/名言归属 | 宗教/传统概念 | 绝对化承诺,01_最终完整文案/7654183060182682890.transcript.reviewed.md,终审稿:7654183060182682890.transcript.reviewed.md；开头、前3秒近似口播与前30秒近似口播均由终审稿起始段落定位,允许检索调用原句、例子、案例、比喻、个人故事、具体事实、数字、口头表达和原始顺序；保留素材ID与来源，事实性内容发布前核验。
46,7654536155693649202,https://www.douyin.com/video/7654536155693649202,,259.48,2026,23,962,253,mature_31_65,为什么普通人很难打破业力循环？ 为什么努力没有结果？,财富_商业_执行,反常识/悖论 | 身份分层 | 概念命名 | 权威借力 | 三级或清单 | 类比可视化 | 短句重锤,想改变却被方法、节奏或自我怀疑卡住,痛点或判断式标题,为什么普通人很难打破业力循环？,为什么普通人很难打破业力循环？因为好多人压根就没把业力搞明白过。,为什么普通人很难打破业力循环？因为好多人压根就没把业力搞明白过。一说起业力，大伙就只会想到善有善报、恶有恶报，觉得全是前世种下的因，才有现在受的苦。但你有没有发现一件事？所有相信业力是记账本的人，生活都有一个共同的模式：一遇到困境，第一反应不是去改变，而是去解释。解释这是命，解释这是前世的因，解释这不是自己的错。这个解释的动作本身，才是业力真正在起作用的地方。业力从来不是外面有个什么东西在管你，它就长在你对自己的解释方式里。你怎么解释你的处境，你就会怎么对待你的处境，然后你的处境就真的变成了你解释的那个样子。那业力,为什么普通人很难打破业力循环？因为好多人压根就没把业力搞明白过。一说起业力，大伙就只会想到善有善报、恶有恶报，觉得全是前世种下的因，才有现在受的苦。,引言：业力是人们对自己处境的解释方式，解释的动作本身就是业力在起作用。 → 业力的本质：业力是过去行为积累的惯性，是行为强化回路，重复的行为会自动触发。 → 努力与行动的误区：努力和行动往往只是为了缓解痛苦，而没有消解业力。 → 行动的真正价值：行动的价值在于生产认知，通过行动采集认知，逐渐磨薄业力。 → 结语：普通人难以打破业力循环是因为没有看清与目标的距离，没有把行动当成了解距离的工具。,现代概念/研究 + 历史人物 + 类比意象,句数:65；短句重锤:42；反转词:21,所有相信业力是记账本的人，生活都有一个共同的模式：一遇到困境，第一反应不是去改变，而是去解释。 | 难道行动没有意义？,——你对那段落差的认知就会越来越清晰。而对落差越清晰，那股拉扯你的惯性就越来越没有办法拿捏你。这就是业力真正的运作方式。,,传统概念现代化 + 情绪修复 + 分层/排比收束；默认迁移到认知成长主题,医学/神经科学 | 历史/名言归属 | 宗教/传统概念,01_最终完整文案/7654536155693649202.transcript.reviewed.md,终审稿:7654536155693649202.transcript.reviewed.md；开头、前3秒近似口播与前30秒近似口播均由终审稿起始段落定位,允许检索调用原句、例子、案例、比喻、个人故事、具体事实、数字、口头表达和原始顺序；保留素材ID与来源，事实性内容发布前核验。
47,7654924170920283407,https://www.douyin.com/video/7654924170920283407,,337.83,6639,55,2838,696,mature_31_65,如何克服内心的空虚感？,情绪_自我成长,反常识/悖论 | 权威借力 | 现实场景 | 三级或清单 | 短句重锤 | 行动方案 | 诗性升华,缺少方向或正反馈，怀疑自己是否走错,痛点或判断式标题,一个人之所以会感到空虚，就是因为他不认同当下的自己。,一个人之所以会感到空虚，就是因为他不认同当下的自己。你总觉得自己,一个人之所以会感到空虚，就是因为他不认同当下的自己。你总觉得自己应该做点什么，你总觉得自己应该做点改变。而这种空虚感，恰恰是你成长的开始，因为这代表你开始有了觉知。所以今天我们来分享，让你从空虚走向自洽的方法。你有没有发现一个问题？就是你20岁之前，基本感受不到空虚感，但是你成年了以后，就会有大量的空虚感向你涌过来。这是因为什么？因为你成年之前，人生的框架是现成的。父母告诉你去上学，老师告诉你去考试，你只需要在这条轨道上跑就行了。哪怕你当时憧憬过很多未来，你内心还是觉得：先上大学，之后一切都会好的。但你真的上了大学,一个人之所以会感到空虚，就是因为他不认同当下的自己。你总觉得自己应该做点什么，你总觉得自己应该做点改变。而这种空虚感，恰恰是你成长的开始，因为这代表你开始有了觉知。,引言 → 空虚感的来源：成年后，人生轨道消失，需要自己做主，空虚感由此产生。 → 空虚的形态与愿力：空虚有三种形态，根源是没有愿力，愿力是让你甘愿吃苦的驱动力。 → 找到愿力的方法：通过问自己“我是谁”“我真正想成为什么样的人”“我愿意为什么事情承受痛苦”，找到愿力并赋予意义。 → 掌控早晨：掌控早晨，提前起床思考，给自己一段不被打扰的时间，明确今天的目标。 → 创作作品：创作作品，发挥自己的潜能，实现自我，找到位置感，对抗空虚。 → 结语,传统文本 + 现代概念/研究 + 历史人物 + 生活场景,句数:76；短句重锤:42；反转词:16,它不是目标，不是计划，而是一种让你甘愿吃苦的驱动力。 | 曾国藩有个习惯，他每天早起之后，第一件事不是看公文，而是静坐，想清楚今天最重要的一件事是什么。 | 最后说一句很朴实的话：你这一生能带走的，不是你赚了多少钱，不是你住了多大的房子，而是你真实经历过什么、感受过什么、创造过什么。,人一旦感觉到自己在这个世界上有位置，空虚就很难再占据你。最后说一句很朴实的话：你这一生能带走的，不是你赚了多少钱，不是你住了多大的房子，而是你真实经历过什么、感受过什么、创造过什么。空虚的解法，说到底就是这三件事：知道自己为什么而活，每天给自己一点主动权，还有去做一件属于你自己的东西。,空虚的解法，说到底就是这三件事：知道自己为什么而活，每天给自己一点主动权，还有去做一件属于你自己的东西。,传统概念现代化 + 情绪修复 + 分层/排比收束；默认迁移到认知成长主题,医学/神经科学 | 历史/名言归属 | 绝对化承诺,01_最终完整文案/7654924170920283407.transcript.reviewed.md,终审稿:7654924170920283407.transcript.reviewed.md；开头、前3秒近似口播与前30秒近似口播均由终审稿起始段落定位,允许检索调用原句、例子、案例、比喻、个人故事、具体事实、数字、口头表达和原始顺序；保留素材ID与来源，事实性内容发布前核验。
48,7655286121772993844,https://www.douyin.com/video/7655286121772993844,,251.5,95524,619,35448,13770,mature_31_65,为什么真正厉害的人不显摆？因为他们都懂的大象无形,传统智慧_现代认知,反常识/悖论 | 权威借力 | 三级或清单 | 短句重锤 | 诗性升华,情绪被外界牵引、内耗而无法稳定行动,身份/境界重新定义,你驾驭不住的东西才会显相：情绪驾驭不住，则怒气挂脸；财富驾驭不住，则铜臭外露；权力驾驭不住，则盛气凌人。,你驾驭不住的东西才会显相：情绪驾驭不住，则怒气挂脸；财富驾驭不住,你驾驭不住的东西才会显相：情绪驾驭不住，则怒气挂脸；财富驾驭不住，则铜臭外露；权力驾驭不住，则盛气凌人。老子说“大象无形”，什么意思？《道德经》告诉你：凡你所显之相，皆因内在缺失；内合道，无形无名，无有所显，是为大象无形。这句话我琢磨了很久，越想越觉得它在说一件特别具体的事：你往外显什么，你就在被什么控制。你有没有注意到一种人？跟他待在一起，说不出他哪里好，但就是安心、踏实、舒服。不是因为他特别有钱，也不是因为他特别有名，就是有一种说不清楚的稳。这种感觉，我们的前人早就说清楚了，用的是两个字：内敛。但内敛不是压抑，,你驾驭不住的东西才会显相：情绪驾驭不住，则怒气挂脸；财富驾驭不住，则铜臭外露；权力驾驭不住，则盛气凌人。老子说“大象无形”，什么意思？《道德经》告诉你：凡你所显之相，皆因内在缺失；内合道，无形无名，无有所显，是为大象无形。,引言 → 大象无形的含义：大象无形是指内心合道无情无名，无有所显。 → 内敛的力量：内敛不是压抑，是内在没有需要向外证明的东西，自然就不往外显。 → 真正的气场：真正的气场是内在有东西，不需要吆喝，靠显的往往是因为底气不够足。 → 反面例子：刚升职的人喜欢展示能力，但被认为太端着，因为他没有驾驭住这个职位。 → 曾国藩的蜕变：曾国藩通过读道德经，化掉了显出来的东西，变得稳。 → 操作路径：真正的操作路径是消化掉内在撑出来的东西，意识到这一点就是开始。 → 结语：大象无形是象太大，不需要用言语、行为和外在去证明。,传统文本 + 历史人物,句数:65；短句重锤:39；反转词:16,,最后说一句：“大象无形”，不是没有象，是象太大，大到不需要用言语去标注它、用行为去证明它、用外在去托举它。内在真的有了，它就在那儿。你不用显，别人也感受得到。,有一个很实用的东西分享给你：当你下次发现自己想显什么的时候，不用压制它，就在心里问自己一句话——我为什么需要让别人知道这件事？,传统概念现代化 + 情绪修复 + 分层/排比收束；默认迁移到认知成长主题,投资/财务 | 历史/名言归属 | 绝对化承诺,01_最终完整文案/7655286121772993844.transcript.reviewed.md,终审稿:7655286121772993844.transcript.reviewed.md；开头、前3秒近似口播与前30秒近似口播均由终审稿起始段落定位,允许检索调用原句、例子、案例、比喻、个人故事、具体事实、数字、口头表达和原始顺序；保留素材ID与来源，事实性内容发布前核验。
49,7655679512360881448,https://www.douyin.com/video/7655679512360881448,,370.6,18869,157,7060,1948,mature_31_65,为什么穷人越穷，富人越富？,财富_商业_执行,反常识/悖论 | 身份分层 | 概念命名 | 权威借力 | 现实场景 | 替观众反驳 | 三级或清单 | 类比可视化 | 短句重锤 | 诗性升华,情绪被外界牵引、内耗而无法稳定行动,为什么X却Y的反常识问句,为什么钱都流向了不缺钱的人，爱都流向了不缺爱的人？,为什么钱都流向了不缺钱的人，爱都流向了不缺爱的人？老子有句话，杀,为什么钱都流向了不缺钱的人，爱都流向了不缺爱的人？老子有句话，杀气很重，但一针见血，揭开了这些问题的答案：“天之道，损有余而补不足；人之道则不然，损不足以奉有余。”这句话点破了世界的运行规则和人类社会的生存之道，也给了我们一套摆脱“不足”的方法论。在天之道里，它是追求平衡的：强的会被削弱，弱的会被补足。你看兔子和老鼠，一窝能生好几个，一年能生好几窝；但狮子不行，生育率极低，幼崽存活率也很低。你想一想，要是一头狮子一窝生十几只，一年生四五窝，全都活下来，最后会发生什么？它们会把所有猎物吃光，然后自己也活不下去。所以大,为什么钱都流向了不缺钱的人，爱都流向了不缺爱的人？老子有句话，杀气很重，但一针见血，揭开了这些问题的答案：“天之道，损有余而补不足；人之道则不然，损不足以奉有余。”这句话点破了世界的运行规则和人类社会的生存之道，也给了我们一套摆脱“不足”的方法论。,引言 → 天之道：天之道追求平衡，强的被削弱，弱的被补足。 → 人之道：人之道是损不足以奉有余，优势在自我复制，系统本身的运行就在剥削弱势，奖励强势。 → 打破规律：承认规律，展示自己，积累资源，低调做人。 → 管理者的解法：管理者需在人道机制里嵌入天道平衡逻辑，设计规则，让系统自己运转。 → 结语,传统文本 + 现代概念/研究 + 历史人物 + 生活场景 + 类比意象,句数:72；短句重锤:30；反转词:22,不是有人在故意针对你，而是系统本身的运行就在剥削弱势、奖励强势。 | 有雪球的人，雪球会越滚越大；没有雪球的人，问题不是去找一个陡坡，而是要先把第一个雪球捏出来。 | 所以当务之急，不是想怎么滚，而是想怎么先有。,最后这句话说给还在纠结要不要开始的人：你现在还处在不足的那一侧，这一点都不可怕。可怕的是，你把所有精力放在证明这个系统不公平上，而没有花一分钟去想，怎么让这个系统为你工作。想要改变，最好的时机就是现在。,,传统概念现代化 + 情绪修复 + 分层/排比收束；默认迁移到认知成长主题,历史/名言归属 | 绝对化承诺,01_最终完整文案/7655679512360881448.transcript.reviewed.md,终审稿:7655679512360881448.transcript.reviewed.md；开头、前3秒近似口播与前30秒近似口播均由终审稿起始段落定位,允许检索调用原句、例子、案例、比喻、个人故事、具体事实、数字、口头表达和原始顺序；保留素材ID与来源，事实性内容发布前核验。
50,7656051023496236328,https://www.douyin.com/video/7656051023496236328,,330.84,12644,91,4725,1141,mature_31_65,为什么“顺其自然”根本不是躺平，反而是世上效率极高的活法？,传统智慧_现代认知,反常识/悖论 | 身份分层 | 权威借力 | 现实场景 | 三级或清单 | 短句重锤 | 诗性升华,情绪被外界牵引、内耗而无法稳定行动,为什么X却Y的反常识问句,你接受什么，什么就消失；你对抗什么，什么就存在。,你接受什么，什么就消失；你对抗什么，什么就存在。很多人可能都有过,你接受什么，什么就消失；你对抗什么，什么就存在。很多人可能都有过无力的时候：竭尽全力想做好一件事，结果却失败了；掏心掏肺对一个人好，后来却被辜负了。为什么会这样？或许是因为“我执”太重。而人生有一种顶级心态，就是《道德经》里说的“无为”。但我猜你现在脑子里冒出来的第一个问题是：无为不就是躺平吗？什么都不做，顺其自然，最后一事无成。不是的。真正理解了无为，你会发现，它其实是一种效率极高的活法。听我慢慢说。先说一个故事。在古代楚国，有个人从小就开始学屠龙术，倾尽家财拜师，整整学了三年，技艺终于大成。直到他真正出世，才发,你接受什么，什么就消失；你对抗什么，什么就存在。很多人可能都有过无力的时候：竭尽全力想做好一件事，结果却失败了；掏心掏肺对一个人好，后来却被辜负了。为什么会这样？,引言 → 屠龙术的故事：楚国屠龙者学屠龙术，却发现世上无龙，比喻人们在无法掌控的事情上浪费精力。 → 无为的真正含义：无为不是躺平，而是先停止内耗，再找到最省力的路。 → 接受不可控因素：接受不可控因素，把力气用在能控制的地方，才能做到无为。 → 苏轼的例子：苏轼接受被贬事实，踏实地做实事，文章反而写得更好。 → 无为与有为的结合：无为与有为结合，内心稳守上动，才能高效做事。,传统文本 + 历史人物,句数:81；短句重锤:50；反转词:31,不是学了没用的东西，而是把大量的精力押注在一件根本无法掌控的事情上。 | 难道就什么都不做，任由事情发展？ | 这才是真正省力的方式：不是蛮力硬刚，而是找到结构，顺着它走。,你接受它，它就消失了；你死磕它，它就一直在。这不是叫你认命，这是叫你把力气用对地方。一个人能走多远，从来不只取决于他有多拼，更取决于他有多少力气，是真正用在了路上。,它说的是两件事：心态上的无为，是不被期待和恐惧绑架，不在脑子里打那场没有意义的内战；行动上的有为，是内心稳了之后，顺着规律踏踏实实去做。,传统概念现代化 + 情绪修复 + 分层/排比收束；默认迁移到认知成长主题,历史/名言归属,01_最终完整文案/7656051023496236328.transcript.reviewed.md,终审稿:7656051023496236328.transcript.reviewed.md；开头、前3秒近似口播与前30秒近似口播均由终审稿起始段落定位,允许检索调用原句、例子、案例、比喻、个人故事、具体事实、数字、口头表达和原始顺序；保留素材ID与来源，事实性内容发布前核验。
51,7656428018444881193,https://www.douyin.com/video/7656428018444881193,,315.54,71491,1076,27522,10095,mature_31_65,斩三尸：斩善之无善，斩恶之正恶，斩我之非我,传统智慧_现代认知,反常识/悖论 | 身份分层 | 权威借力 | 现实场景 | 三级或清单 | 类比可视化 | 诗性升华,情绪被外界牵引、内耗而无法稳定行动,痛点或判断式标题,斩善之无善，斩恶之正恶，斩我之非我。,斩善之无善，斩恶之正恶，斩我之非我。大部分人听说过“斩三尸”，但,斩善之无善，斩恶之正恶，斩我之非我。大部分人听说过“斩三尸”，但很少有人跟你说明白：善尸，是“应该如此”的规矩；恶尸，是“我想要”的本能；自我尸，是“自我”的幻觉。今天我就来告诉大家，斩三尸不是杀掉三只恶鬼，不是消灭欲望，更不是变成无情无欲的木头人。你有没有想过，这三样东西其实本来都不是极端的错误？善、欲望、自我意识，这是人性里最原始的三种力量。它们变成“尸”，不是因为它们本身有问题，而是因为你对它们产生了执着。执着这件事，才是真正的问题所在。我们先说善。《道德经》里有一句话，很多人忽略了它真正的意思：“大道废，有,斩善之无善，斩恶之正恶，斩我之非我。大部分人听说过“斩三尸”，但很少有人跟你说明白：善尸，是“应该如此”的规矩；恶尸，是“我想要”的本能；自我尸，是“自我”的幻觉。今天我就来告诉大家，斩三尸不是杀掉三只恶鬼，不是消灭欲望，更不是变成无情无欲的木头人。,引言 → 善尸：善尸是被自我绑架的善，斩善尸是斩掉“我在行善，所以你得配合我”的念头，剩下的是自然而然发生的善。 → 恶尸：恶尸是欲望失控的状态，斩恶尸是斩掉欲望的失控，剩下的是驾驭欲望的自由。 → 自我尸：自我尸是对固定的我的执着，斩自我尸是斩掉这些执念，剩下的是不再被情绪完全控制的自由。 → 总结：斩三尸是提纯的过程，不是减法，是为了让你做一个真正自由的人。,传统文本 + 现代概念/研究 + 生活场景 + 类比意象,句数:77；短句重锤:49；反转词:38,它们变成“尸”，不是因为它们本身有问题，而是因为你对它们产生了执着。 | 这才是善尸的真面目：不是善本身，而是被自我绑架的善。 | 你见过那种人，工作越来越拼，不是因为喜欢，而是根本停不下来，停下来就焦虑。,这和婴儿的那种无知，是完全不同的东西。婴儿不知道自己在哪里，觉悟的人知道。斩三尸不是为了成仙，就是为了让你做一个真正自由的人，活得不那么拧巴，活成你本来该有的样子。,,传统概念现代化 + 情绪修复 + 分层/排比收束；默认迁移到认知成长主题,医学/神经科学 | 历史/名言归属 | 宗教/传统概念 | 羞辱/高压表达,01_最终完整文案/7656428018444881193.transcript.reviewed.md,终审稿:7656428018444881193.transcript.reviewed.md；开头、前3秒近似口播与前30秒近似口播均由终审稿起始段落定位,允许检索调用原句、例子、案例、比喻、个人故事、具体事实、数字、口头表达和原始顺序；保留素材ID与来源，事实性内容发布前核验。
52,7656767056066514191,https://www.douyin.com/video/7656767056066514191,,428.28,2681,21,998,341,mature_31_65,六句话让你想明白人生，做到心灵智慧的觉醒,情绪_自我成长,反常识/悖论 | 身份分层 | 概念命名 | 权威借力 | 现实场景 | 三级或清单 | 类比可视化 | 短句重锤 | 诗性升华,情绪被外界牵引、内耗而无法稳定行动,清单/阶段承诺,有一件事，是大部分人只有到临死之前才能想通：人生其实就是一场意识的修行。,有一件事，是大部分人只有到临死之前才能想通：人生其实就是一场意识,有一件事，是大部分人只有到临死之前才能想通：人生其实就是一场意识的修行。生命只是为了体验，一切缘来缘去，所有的经历都是来丰富自己、成就自己、圆满自己的，所有的体验都是来度自己的。借事炼心，随缘了业，这才是成长。所以真正的成长，其实是心灵的成长；智慧，是心灵的智慧。今天我想用六句话，让你真正想透自己的人生。听完后，你对很多事情的看法会完全不一样。第一句话，《道德经》里说：“知人者智，自知者明；胜人者有力，自胜者强。”真正的强，不是赢过别人，而是看清自己。你站在河边，你能看见那条河，但你不是那条河；你站在山脚，但你不是,有一件事，是大部分人只有到临死之前才能想通：人生其实就是一场意识的修行。生命只是为了体验，一切缘来缘去，所有的经历都是来丰富自己、成就自己、圆满自己的，所有的体验都是来度自己的。借事炼心，随缘了业，这才是成长。,引言 → 知人者智，自知者明：真正的强大是看清自己，通过元认知提高决策能力。 → 只接收信息而不自己思考，...：独立思考能力是时代稀缺的东西，要学会自己思考。 → 接纳是一种更深的力量：接纳是一种更深的力量，放下才能治愈自己。 → 君子求诸己，小人求诸人：成熟的人向内求，不要对别人有不切实际的期待。 → 攻城为下，攻心为上：改变自己和事情的关系，接受别人的不同。 → 尽人事，听天命：尽人事，听天命，在过程中全力以赴，接受任何结果。 → 结语,传统文本 + 现代概念/研究 + 历史人物 + 生活场景 + 类比意象,句数:100；短句重锤:63；反转词:42,”真正的强，不是赢过别人，而是看清自己。 | 世界上最难沟通的，不是没有文化的人，而是拿着“标准答案”的人。 | 它不是让你凡事都反着来，而是在接受一件事之前，问自己一句：这个结论是我真的想清楚了，还是别人告诉我的，我懒得核实？,这不是玄，这是一个人和自己，以及和这个世界相处的方式。说起来都不难，难的是在真实的生活里，在你真的慌了、乱了、疼了的时候，还能想起来用。但方向对了，早晚都会安一方静好，不惊扰世界，不辜负自己。,,传统概念现代化 + 情绪修复 + 分层/排比收束；默认迁移到认知成长主题,医学/神经科学 | 历史/名言归属 | 宗教/传统概念 | 绝对化承诺,01_最终完整文案/7656767056066514191.transcript.reviewed.md,终审稿:7656767056066514191.transcript.reviewed.md；开头、前3秒近似口播与前30秒近似口播均由终审稿起始段落定位,允许检索调用原句、例子、案例、比喻、个人故事、具体事实、数字、口头表达和原始顺序；保留素材ID与来源，事实性内容发布前核验。
53,7657140857685986602,https://www.douyin.com/video/7657140857685986602,,335.65,7332,88,2770,930,mature_31_65,世间真正可怕的人，从不与人争,传统智慧_现代认知,反常识/悖论 | 身份分层 | 权威借力 | 现实场景 | 三级或清单 | 短句重锤 | 诗性升华,情绪被外界牵引、内耗而无法稳定行动,身份/境界重新定义,凡是负能量的东西，都不要去回应。,凡是负能量的东西，都不要去回应。回应就是和它纠缠，纠缠就会被损耗,凡是负能量的东西，都不要去回应。回应就是和它纠缠，纠缠就会被损耗。只要你不接招，所有的恶念都会原路返回。不被负能量消耗的本质，其实就在老子《道德经》第二十二章强调的：“夫唯不争，故天下莫能与之争。”这句话听起来有点悬，但我跟你讲一个历史上真实发生过的故事，你就懂了。唐朝有个宰相叫娄师德，这个人脾气特别好，从来不跟人红脸。有一次，他弟弟要去外地做官。临走前，他特意叮嘱弟弟说：“咱们家受了这么多恩宠，难免招人嫉妒。你以后要是被人唾了脸，该怎么办？”弟弟想了想，说：“那我就把唾沫擦掉。”娄师德摇摇头说：“这还不够。你把唾,凡是负能量的东西，都不要去回应。回应就是和它纠缠，纠缠就会被损耗。只要你不接招，所有的恶念都会原路返回。,引言：不回应负能量，避免纠缠和损耗，遵循《道德经》中“夫唯不争，故天下莫能与之争”的原则。 → 娄师德的故事：唐朝宰相娄师德教导弟弟不与他人争，避免情绪反应，保持冷静。 → 不争的智慧：不争是一种智慧，避免与他人争论，专注于做好事情，积蓄能量。 → 不争的两个层次：不争分为不与规律较劲和不与普通人争眼前小利两个层次。 → 实用判断标准：遇到争论场景时，先停顿思考，判断事情是否重要，避免无意义的内耗。 → 结语：不争并非压抑自己或做老好人，而是看清局面后再决定是否出手。,传统文本 + 历史人物 + 生活场景,句数:79；短句重锤:44；反转词:20,不是你怂了，而是你根本不需要在那个场合证明自己。 | 这一连串的低姿态不是软弱，而是一种极其清醒的策略判断。 | 那“不争”是不是意味着什么都不做、什么都让步呢？,老子在《道德经》最后一章说：“天之道，利而不害；圣人之道，为而不争。”意思是，天道运行的原则是滋养万物却不伤害，圣人做事的原则是有所作为，却不去争夺。希望你以后遇到那些消耗你的人和事，能先冷静三秒钟，再决定要不要接招。,,传统概念现代化 + 情绪修复 + 分层/排比收束；默认迁移到认知成长主题,历史/名言归属 | 绝对化承诺,01_最终完整文案/7657140857685986602.transcript.reviewed.md,终审稿:7657140857685986602.transcript.reviewed.md；开头、前3秒近似口播与前30秒近似口播均由终审稿起始段落定位,允许检索调用原句、例子、案例、比喻、个人故事、具体事实、数字、口头表达和原始顺序；保留素材ID与来源，事实性内容发布前核验。
54,7657547366643272986,https://www.douyin.com/video/7657547366643272986,,329.07,16636,332,5504,1972,mature_31_65,陈抟老祖心相篇，带你看清自己也是看清他人,传统智慧_现代认知,反常识/悖论 | 身份分层 | 现实场景 | 替观众反驳 | 三级或清单 | 短句重锤 | 诗性升华,情绪被外界牵引、内耗而无法稳定行动,传统概念现代化,脸上有三个特征的人，注定命里带金。,脸上有三个特征的人，注定命里带金。这个不是什么封建迷信，而是老祖,脸上有三个特征的人，注定命里带金。这个不是什么封建迷信，而是老祖宗早在一千多年前，就已经看透了的识人秘法。你在外面花了大价钱找的那些江湖相师，用的基本上也都是这个术。所以今天这个视频，我帮你省的可不仅是那些去看相的冤枉钱，并且会带你真正去领悟，如何能够看透人心的终极秘诀——道家陈抟老祖的《心相篇》。很多人都认为看相就是看五官，真正的高手看相，看的不是脸，是心。老祖宗说“相由心生”。一个人心里装着什么，相久了，相就会长到他脸上来，长到他命里去。你做什么样的事，说什么样的话，待人什么态度，这一切加在一起，就是你真正的相,脸上有三个特征的人，注定命里带金。这个不是什么封建迷信，而是老祖宗早在一千多年前，就已经看透了的识人秘法。你在外面花了大价钱找的那些江湖相师，用的基本上也都是这个术。,引言 → 看相的本质：看相是看心，相由心生，一个人的行为和态度决定了他的相。 → 不同行为的人的命运：通过分析不同行为的人的命运，揭示了心相的重要性。 → 结语：心相篇旨在让人反思自己，命运是由每天的选择积累而成的。,生活场景,句数:74；短句重锤:46；反转词:13,这个不是什么封建迷信，而是老祖宗早在一千多年前，就已经看透了的识人秘法。 | 说到这里，你可能会想：那什么样的人才是真的靠得住？ | 但老祖宗写这篇东西，本意不是让你去评判别人，而是让你照照自己。,今天少占一次便宜，是在给自己积一分信；今天多扛一次责任，是在给自己攒一分气；今天对人宽容一次，是在给自己种一份福。这些东西不会立刻显现，但它们都在一分一分地记着。所以《心相篇》说到底不是在算命，是在告诉你一件事：你现在是什么心，将来就是什么命。,,传统概念现代化 + 情绪修复 + 分层/排比收束；默认迁移到认知成长主题,历史/名言归属 | 宗教/传统概念 | 绝对化承诺,01_最终完整文案/7657547366643272986.transcript.reviewed.md,终审稿:7657547366643272986.transcript.reviewed.md；开头、前3秒近似口播与前30秒近似口播均由终审稿起始段落定位,允许检索调用原句、例子、案例、比喻、个人故事、具体事实、数字、口头表达和原始顺序；保留素材ID与来源，事实性内容发布前核验。
55,7657925270267006243,https://www.douyin.com/video/7657925270267006243,,284.27,29446,160,10430,3228,mature_31_65,做人的最高境界,传统智慧_现代认知,反常识/悖论 | 身份分层 | 概念命名 | 权威借力 | 现实场景 | 替观众反驳 | 三级或清单 | 短句重锤 | 诗性升华,情绪被外界牵引、内耗而无法稳定行动,身份/境界重新定义,做人的最高境界，是痛而不言，笑而不语，惊而不乱。,做人的最高境界，是痛而不言，笑而不语，惊而不乱。痛而不言的人是勇,做人的最高境界，是痛而不言，笑而不语，惊而不乱。痛而不言的人是勇者。没有痛过的人，永远脆弱，也永远天真。正像一棵树结痂的地方最为坚硬，人受伤了之后，也会更为勇猛。《道德经》里有一句话，老子说：“胜人者有力，自胜者强。”打败别人不算什么，真正强大的人，是那种能打败自己的人。打败自己的什么？打败自己想喊痛、想逃跑、想放弃的那部分。但你有没有想过，为什么有些人被生活打得七零八落，最后反而越活越通透，而有些人只是受了一点委屈，就彻底垮掉了？这两种人差的不是运气，差的是一种能力——把痛压下去，然后继续往前走的能力。心理学上有,做人的最高境界，是痛而不言，笑而不语，惊而不乱。痛而不言的人是勇者。没有痛过的人，永远脆弱，也永远天真。,痛而不言：真正的勇者会在痛苦中保持沉默，把痛压下去然后继续往前走，而不是四处倾诉。 → 笑而不语：笑而不语的人是智者，他们对人性有足够清醒的认知，能管住嘴，不把所有的看法都说出来。 → 惊而不乱：惊而不乱的人是强者，遇到突发情况时，他们会先收集信息，切换到问题解决回路，保持冷静。 → 结语：痛而不言、笑而不语、惊而不乱是一个人真正的成熟度，是经历带来的，是每一次咬牙撑过去之后留下来的东西。,传统文本 + 现代概念/研究 + 历史人物 + 生活场景 + 类比意象,句数:61；短句重锤:39；反转词:24,不是因为他们天生强大，而是因为他们在痛苦里待过足够长的时间，摸清了它的底细：原来那个让你以为会把你压垮的东西，也没能把你怎么样。 | 不是说你的痛不值得被看见，而是这个世界上，真正能接住你的人寥寥无几。 | 你可能会问，那这样不是很累吗？,不是年龄带来的，是经历带来的，是你每一次咬牙撑过去之后留下来的那些东西。你现在有多痛，将来就有多稳；你现在忍住的那些话，将来都会变成你的气场；你现在按住的那次慌乱，将来遇到更大的事，你会发现自己还撑得住。就这样一点一点把自己变成那种，你自己都没意识到从什么时候开始，已经很难被撼动的人。,,传统概念现代化 + 情绪修复 + 分层/排比收束；默认迁移到认知成长主题,医学/神经科学 | 历史/名言归属,01_最终完整文案/7657925270267006243.transcript.reviewed.md,终审稿:7657925270267006243.transcript.reviewed.md；开头、前3秒近似口播与前30秒近似口播均由终审稿起始段落定位,允许检索调用原句、例子、案例、比喻、个人故事、具体事实、数字、口头表达和原始顺序；保留素材ID与来源，事实性内容发布前核验。
56,7658266531562671412,https://www.douyin.com/video/7658266531562671412,,408.87,3765,34,1530,377,mature_31_65,为什么老祖宗的十条人生总结，竟然没有一个字提到“努力”？,行动_系统_能力,反常识/悖论 | 身份分层 | 权威借力 | 现实场景 | 三级或清单 | 短句重锤 | 诗性升华,情绪被外界牵引、内耗而无法稳定行动,清单/阶段承诺,一命，二运，三风水；四阴德，五读书；六名，七相，八敬神；九交贵人，十养生。,一命，二运，三风水；四阴德，五读书；六名，七相，八敬神；九交贵人,一命，二运，三风水；四阴德，五读书；六名，七相，八敬神；九交贵人，十养生。老祖宗这十点人生总结，为什么就没有一点说的是努力呢？我们乍一看，感觉老祖宗不是说命就是谈运，要不然就是扯上风水、阴德和鬼神，似乎充满了宿命的味道。是因为他们身处流动性极小的古代，只能用这些观念来寻求安慰？还是说，他们早已经看破了我执，懂得了顺天应时、趁势而为的智慧？但其实只要我们再仔细一看，你就会发现，这十条条条都是让你去努力的。很多人看到“命”这个字，第一反应就是认命、躺平。但你有没有想过，古人把命排在第一位，恰恰是因为他们比我们更清醒。命,一命，二运，三风水；四阴德，五读书；六名，七相，八敬神；九交贵人，十养生。老祖宗这十点人生总结，为什么就没有一点说的是努力呢？我们乍一看，感觉老祖宗不是说命就是谈运，要不然就是扯上风水、阴德和鬼神，似乎充满了宿命的味道。,,传统文本 + 历史人物 + 生活场景,句数:86；短句重锤:44；反转词:17,这就是时运的价值：不是随缘，而是做好准备，在对的节点上，把力气用在刀刃上。,认识自己，识别势头，管好环境，低调利他，持续读书，建立标签，打磨状态，守住信念，交换价值，保持生命力。条条都是行动，条条都需要你持续去做。老祖宗不谈努力，不是因为他们不努力，是因为他们早看穿了：把力气用错地方的努力，不叫努力，叫消耗。,但养生养的也不只是身体，是你整个人的生命力，是那种让你每天早上起来，还有劲儿去做事情的状态。 | 条条都是行动，条条都需要你持续去做。,传统概念现代化 + 情绪修复 + 分层/排比收束；默认迁移到认知成长主题,历史/名言归属 | 宗教/传统概念 | 绝对化承诺,01_最终完整文案/7658266531562671412.transcript.reviewed.md,终审稿:7658266531562671412.transcript.reviewed.md；开头、前3秒近似口播与前30秒近似口播均由终审稿起始段落定位,允许检索调用原句、例子、案例、比喻、个人故事、具体事实、数字、口头表达和原始顺序；保留素材ID与来源，事实性内容发布前核验。
57,7658628033149930793,https://www.douyin.com/video/7658628033149930793,,678.27,18402,232,8402,2466,mature_31_65,觉醒就是，一个一个地打破你曾经深信不疑的东西,情绪_自我成长,反常识/悖论 | 权威借力 | 现实场景 | 三级或清单 | 短句重锤 | 诗性升华,情绪被外界牵引、内耗而无法稳定行动,痛点或判断式标题,觉醒的第一步不是修，是破。,觉醒的第一步不是修，是破。很多人搞错了，以为觉醒的第一步是要开始,觉醒的第一步不是修，是破。很多人搞错了，以为觉醒的第一步是要开始修炼自己，但其实不对。第一步得先破相。我们说“不破不立”，如果你没有破，我接下来说的这六种相，修了也是白修。先说第一个，破是非之相。你知道吗？这个世界上根本就没有绝对的真相，只有立场和视角。你和身边某个人产生了矛盾，你觉得自己100%是对的，对方也觉得自己100%是对的。谁错了？其实谁都没错，只是你们站的位置不同。你看到的是硬币的正面，对方看到的是反面。你们说的是同一枚硬币，却永远吵不拢。庄子说过一句话，叫“彼亦一是非，此亦一是非”。你那边有你那边的对,觉醒的第一步不是修，是破。很多人搞错了，以为觉醒的第一步是要开始修炼自己，但其实不对。第一步得先破相。,引言：觉醒的第一步是破相，不破不立。 → 破是非之相：世界上没有绝对的真相，只有立场和视角，不要争论对错。 → 破自我之相：真正的敌人是自己，要战胜心中的贼，放下别人的期待。 → 破文字之相：书上的真理可能有局限，要思考自己是否真的想清楚了。 → 破关系之相：真正的爱是不求回报的，接受关系的阶段，活在缘分里。 → 破情绪之相：意识到自己在情绪里，看见情绪，正视内心未处理好的东西。 → 破时间之相：不要被年龄和时间限制，勇敢追求自己的梦想。 → 结语：觉醒是打破曾经深信不疑的东西，边走边破，离真正的自己更近。,传统文本 + 现代概念/研究 + 历史人物 + 生活场景,句数:83；短句重锤:59；反转词:18,”孔子这句话的意思不是叫人去死，而是说，只要今天真正想明白了一件事，哪怕是在生命的最后一刻，也不算晚。,破一相，就是一次重生。每破一个，你就轻一分；每轻一分，你就离真正的自己近一点。不用等到全想清楚了再开始，边走边破就够了。,觉醒就是一个一个地打破你曾经深信不疑的东西，然后问自己：如果我一直以为对的事情，其实并不对呢？,传统概念现代化 + 情绪修复 + 分层/排比收束；默认迁移到认知成长主题,历史/名言归属 | 绝对化承诺,01_最终完整文案/7658628033149930793.transcript.reviewed.md,终审稿:7658628033149930793.transcript.reviewed.md；开头、前3秒近似口播与前30秒近似口播均由终审稿起始段落定位,允许检索调用原句、例子、案例、比喻、个人故事、具体事实、数字、口头表达和原始顺序；保留素材ID与来源，事实性内容发布前核验。
58,7659021467580960010,https://www.douyin.com/video/7659021467580960010,,258.88,60998,998,16507,13520,mature_31_65,如果一直没有遇到特别喜欢的人，那你已经进入了一种境界,家庭_关系_情感,反常识/悖论 | 身份分层 | 权威借力 | 现实场景 | 三级或清单 | 类比可视化 | 短句重锤 | 诗性升华,关系中的期待、控制、误解或不安全感,痛点或判断式标题,如果你一直都没遇到让自己特别喜欢的人，恭喜你，那是人生的一种境界。,如果你一直都没遇到让自己特别喜欢的人，恭喜你，那是人生的一种境界,如果你一直都没遇到让自己特别喜欢的人，恭喜你，那是人生的一种境界。所谓“智者不入爱河”。真正成熟圆满的人，内心不匮乏，他们也就没有了需求，可以本自具足，可以自得其乐。你很喜欢的人，往往是你内心非常欠缺、非常向往的那一点特征，所以你特别心动，你很想得到。可你越在意的东西，往往越容易失控。《金刚经》里面有说：“应无所住，而生其心。”你眼里越有谁，你就越看不见谁；你越喜欢谁，你就越看不清谁。但这背后到底藏着什么逻辑？庄子讲过一个词，叫“成心”。意思是说，我们都不是在看真实的世界，而是在看自己心里那面镜子照出来的世界。你的,如果你一直都没遇到让自己特别喜欢的人，恭喜你，那是人生的一种境界。所谓“智者不入爱河”。真正成熟圆满的人，内心不匮乏，他们也就没有了需求，可以本自具足，可以自得其乐。,引言 → “成心”与感情：庄子提出“成心”，认为人们看到的世界是自己内心的倒影，在感情中也是如此。 → 匮乏与吸引：一个人越缺什么就越容易被什么吸引，这是匮乏在作祟。 → 自我投射与感情：我们喜欢的人往往是我们内心缺失的东西的投影，在走进一段关系前要先弄清楚自己内心的缺口。 → 镜像识别与感情：一见钟情可能是潜意识的镜像识别，热烈的感情往往死得最快。 → 内心不匮乏的状态：内心不匮乏的人会真实地感受对方，而不是急着往对方身上套自己的期待。 → 结语：内心丰盈的标志是在没有任何人的时候依然能够平静，不需要靠感情证明自己的价值。,传统文本 + 现代概念/研究 + 历史人物 + 生活场景,句数:59；短句重锤:33；反转词:24,意思是说，我们都不是在看真实的世界，而是在看自己心里那面镜子照出来的世界。 | 难道就不能喜欢人了吗？ | 我不是要否定他的感情，而是想说，很多时候，我们所谓刻骨铭心的爱里面，有多少是真实的连接，有多少其实是自我的投射，值得认真想一想。,你不需要靠一段感情来证明自己的价值，也不需要靠某一个人的喜欢，来让自己觉得“我是值得被爱的”。如果你现在正好处于一段感情里，不妨停下来问问自己：我喜欢他，是因为他这个人，还是因为他恰好在我最需要的时候出现？这一个问题的答案，比你们牵手多少次都要重要。,如果你现在正好处于一段感情里，不妨停下来问问自己：我喜欢他，是因为他这个人，还是因为他恰好在我最需要的时候出现？,传统概念现代化 + 情绪修复 + 分层/排比收束；默认迁移到认知成长主题,医学/神经科学,01_最终完整文案/7659021467580960010.transcript.reviewed.md,终审稿:7659021467580960010.transcript.reviewed.md；开头、前3秒近似口播与前30秒近似口播均由终审稿起始段落定位,允许检索调用原句、例子、案例、比喻、个人故事、具体事实、数字、口头表达和原始顺序；保留素材ID与来源，事实性内容发布前核验。
59,7659382845609119016,https://www.douyin.com/video/7659382845609119016,,371.83,4075,28,1773,423,mature_31_65,“强”是脆弱之源，“弱”才是方法论,传统智慧_现代认知,反常识/悖论 | 身份分层 | 权威借力 | 现实场景 | 三级或清单 | 类比可视化 | 短句重锤 | 诗性升华,情绪被外界牵引、内耗而无法稳定行动,痛点或判断式标题,世界其实是反的。,世界其实是反的。那些你走不出来的困境、过不去的坎，答案都在它的反,世界其实是反的。那些你走不出来的困境、过不去的坎，答案都在它的反面。《道德经》里“反者道之动”，揭示了一个彻底颠覆我们常规认知的秘密：这个世界真正的运作规律，往往是反向的。你可能从来没想过，要想在人生这场游戏里成为最后的赢家，最顶级的策略，不是我们从小被灌输的要努力拼搏、要当第一，而是知道怎么理解和运用“弱”。这听起来确实有些反常识。但你真正理解《道德经》中的弱，就会明白，它说的弱是不争，是无形，是恒久，是随顺。不管是人还是物，发展到最好的状态，必然会走向它的反面，这是道的运行规律。那如果是这样的话，我们追求更强的,世界其实是反的。那些你走不出来的困境、过不去的坎，答案都在它的反面。《道德经》里“反者道之动”，揭示了一个彻底颠覆我们常规认知的秘密：这个世界真正的运作规律，往往是反向的。,引言 → 水的不争：水往低处流，不争高下，滋养格局，扩大容量。 → 水的无形：水无常形，适应各种环境，不给自己设限。 → 水的恒久：水滴石穿，持续做同一件事，不在乎慢，只在乎一直在。 → 强的局限：物壮则老，强是一个点，弱是一张网，保持能力多样性和心态开放性。 → 山谷的姿态：虚怀若谷，接纳各种想法和建议，心胸深广。 → 随顺：顺其自然，不与已发生的事情较劲，把能量用在找出口。 → 强弱的运用：强和弱是工具，该强则强，该弱则弱，以强护弱，以弱御强。,传统文本 + 生活场景 + 类比意象,句数:89；短句重锤:58；反转词:30,你可能从来没想过，要想在人生这场游戏里成为最后的赢家，最顶级的策略，不是我们从小被灌输的要努力拼搏、要当第一，而是知道怎么理解和运用“弱”。 | 注意，这里的不争不是不竞争，而是把重心放在滋养自己的格局上。 | 水滴石穿不是一日之功，而是持续地、长时间地做同一件事，直到达成目标。,这种推演做多了，慢慢就能理解不同工具在不同场景下的分量，强弱在手里用起来，也就越来越得心应手。道的运动是反向的，这是天道；弱，是让你在这个反向的世界里持续运转的方式。不是让你变弱，是让你学会用弱。,,传统概念现代化 + 情绪修复 + 分层/排比收束；默认迁移到认知成长主题,历史/名言归属 | 宗教/传统概念 | 绝对化承诺 | 羞辱/高压表达,01_最终完整文案/7659382845609119016.transcript.reviewed.md,终审稿:7659382845609119016.transcript.reviewed.md；开头、前3秒近似口播与前30秒近似口播均由终审稿起始段落定位,允许检索调用原句、例子、案例、比喻、个人故事、具体事实、数字、口头表达和原始顺序；保留素材ID与来源，事实性内容发布前核验。
60,7659780318336929065,https://www.douyin.com/video/7659780318336929065,,281.25,73566,692,28865,16566,mature_31_65,清醒自知，从容自在，心有山海，静而不争,情绪_自我成长,反常识/悖论 | 身份分层 | 权威借力 | 三级或清单 | 类比可视化 | 短句重锤 | 诗性升华,情绪被外界牵引、内耗而无法稳定行动,痛点或判断式标题,天道中有这样一句话：低境界的人活在情绪里，中境界的人活在价值里，而高境界的人活在规律里。,天道中有这样一句话：低境界的人活在情绪里，中境界的人活在价值里，,天道中有这样一句话：低境界的人活在情绪里，中境界的人活在价值里，而高境界的人活在规律里。第一种，就是活在情绪里的低境界的人。遇事先发脾气，不顺就摆脸色，一句闲话就被扰了心神，一点得失就会乱了阵脚。开心了，那就晴空万里；烦躁了，就暴雨倾盆。这样的人，情绪就像无根的浮萍，飘到哪儿算哪儿，人生也就乱到哪儿。当你把脾气当成本能，把任性当成个性，看似赢了一时之气，实则可能输掉的是全盘人生。被情绪牵着走的人，终会困在自己的执念里，眼前的鸡毛蒜皮，皆是跨不过的山海。《周易》里有一句话：“躁人之辞多，吉人之辞寡。”说的就是这个。真,天道中有这样一句话：低境界的人活在情绪里，中境界的人活在价值里，而高境界的人活在规律里。第一种，就是活在情绪里的低境界的人。遇事先发脾气，不顺就摆脸色，一句闲话就被扰了心神，一点得失就会乱了阵脚。,引言 → 低境界：低境界的人活在情绪里，容易被情绪左右，导致人生混乱。 → 中境界：中境界的人活在价值里，学会放下内耗，专注于提升能力和创造价值。 → 高境界：高境界的人活在规律里，看透现象背后的逻辑，知道什么是真正重要的。 → 总结：真正活得清醒的人不困于情绪，不迷于表象，知道自己的方向。,传统文本 + 历史人物 + 类比意象,句数:56；短句重锤:28；反转词:21,不是叫你强行压住情绪，而是说，你得先知道自己要什么。 | 不是他们什么都懂，而是把自己那一块打得很深、很扎实。 | 不是越来越复杂，而是越来越清晰，越来越知道什么是真正重要的。,活在情绪里的人，让感受做主，一辈子在原地转圈；活在价值里的人，让事情做主，走得稳，但容易走窄；活在规律里的人，让心掌舵，知道要去哪儿，也知道怎么去。不困于情绪，心才有空间；不迷于表象，路才走得远。这不是什么很高的境界，这是可以练出来的能力。,,传统概念现代化 + 情绪修复 + 分层/排比收束；默认迁移到认知成长主题,历史/名言归属,01_最终完整文案/7659780318336929065.transcript.reviewed.md,终审稿:7659780318336929065.transcript.reviewed.md；开头、前3秒近似口播与前30秒近似口播均由终审稿起始段落定位,允许检索调用原句、例子、案例、比喻、个人故事、具体事实、数字、口头表达和原始顺序；保留素材ID与来源，事实性内容发布前核验。
61,7660122335013276971,https://www.douyin.com/video/7660122335013276971,,327.81,5888,62,3081,975,mature_31_65,当下即终局，不要把自己困在结果里,情绪_自我成长,反常识/悖论 | 身份分层 | 权威借力 | 三级或清单 | 类比可视化 | 短句重锤 | 行动方案 | 诗性升华,情绪被外界牵引、内耗而无法稳定行动,痛点或判断式标题,未来的一切，都是折叠在当下的每一个动作当中，这便是“当下即终局”。,未来的一切，都是折叠在当下的每一个动作当中，这便是“当下即终局”,未来的一切，都是折叠在当下的每一个动作当中，这便是“当下即终局”。这是《道德经》给我最大的启发，也是《道德经》第六十四章想要阐述的道理。有时候我想，为什么我们不能坚持？尤其听了那么多长期主义，可是到自己身上却做不到。问题不在于不努力，而是在于我们脑子里面天然存在一个“进度条”的概念。比如，人生所有的追求是一个进度条，赚到第一个100万也是一个进度条。在这种思维下，只要进度条没走满，我们每一个当下都是残缺的、匮乏的。焦虑就是这么来的。但是你认真读懂《道德经》，就会发现，进度条这件事本身就是一种幻觉。“合抱之木，生于毫,未来的一切，都是折叠在当下的每一个动作当中，这便是“当下即终局”。这是《道德经》给我最大的启发，也是《道德经》第六十四章想要阐述的道理。有时候我想，为什么我们不能坚持？,引言 → 进度条的幻觉：我们脑子里天然存在一个进度条的概念，导致我们焦虑。 → 当下即终局：当下即终局，我们做的每一件事都已经包含了未来的结果。 → 掌控当下：掌控当下，关注微小动作，避免功利心和执念。 → 圣人的智慧：圣人顺应事物本性，不执着于结果，始终保持初心。 → 结语：不追求世俗欲望，回归本质，做好基本动作，享受过程。,传统文本 + 生活场景 + 类比意象,句数:72；短句重锤:37；反转词:8,,找到一件事最核心的那个动作，沉进去，重复。当这个智慧真正融入生活，你做的每一个动作，不再是达到某个数字的手段，它本身就成了目的，本身就变成了圆满。就在此刻，每一个微不足道的基本动作里，你已经完整拥有了你想要的一切。,你不可能替老天爷去做这个规划，不过是每天老老实实完成那个最核心的基本动作。 | 想要过好这一生，你能做的，不过是今天把该解决的问题解决好，坚持去做对的事情。,传统概念现代化 + 情绪修复 + 分层/排比收束；默认迁移到认知成长主题,投资/财务 | 历史/名言归属 | 绝对化承诺,01_最终完整文案/7660122335013276971.transcript.reviewed.md,终审稿:7660122335013276971.transcript.reviewed.md；开头、前3秒近似口播与前30秒近似口播均由终审稿起始段落定位,允许检索调用原句、例子、案例、比喻、个人故事、具体事实、数字、口头表达和原始顺序；保留素材ID与来源，事实性内容发布前核验。
62,7660468197740596532,https://www.douyin.com/video/7660468197740596532,,299.88,59185,415,31304,6890,mature_31_65,修习内求的三个心法：内观，内守，内定,传统智慧_现代认知,反常识/悖论 | 权威借力 | 三级或清单 | 类比可视化 | 短句重锤 | 行动方案 | 诗性升华,情绪被外界牵引、内耗而无法稳定行动,清单/阶段承诺,有一个能力，你一旦掌握了，你的人生会瞬间跨越至少一个阶级。,有一个能力，你一旦掌握了，你的人生会瞬间跨越至少一个阶级。这种提,有一个能力，你一旦掌握了，你的人生会瞬间跨越至少一个阶级。这种提升是实实在在且全方位的，从个人水平到生活品质，再到内心的幸福感。反之，如果你缺乏这个能力，即使你运气好，曾经拿到过一些结果，也会在几年之内被打回原形。这个能力叫什么？就是向内求。想掌握这个能力，总共三个心法：内观、内守、内定。而向内求的思想，来自我们中国一代禅宗祖师六祖慧能。他在成为大师之前，就是个在寺庙里舂米的伙夫，大字不识一个。有一天，寺里的大师兄神秀写了一首偈子，贴在墙上，说：“身是菩提树，心如明镜台。时时勤拂拭，勿使惹尘埃。”意思就是，所有人都,有一个能力，你一旦掌握了，你的人生会瞬间跨越至少一个阶级。这种提升是实实在在且全方位的，从个人水平到生活品质，再到内心的幸福感。反之，如果你缺乏这个能力，即使你运气好，曾经拿到过一些结果，也会在几年之内被打回原形。,引言 → 向内求的思想来源：六祖慧能的偈子“菩提本无树，明镜亦非台。本来无一物，何处惹尘埃”，表达了向内求的思想。 → 内观：内观是把看世界的眼光收回来，避免过度关注别人，保持专注。 → 内守：内守是放下对外界的期待，珍惜手中拥有的，降低阻力。 → 内定：内定是通过专注于一件事，让内心平静，听到内心真正的声音。 → 总结：内观、内守、内定是一件事，把心力从向外耗散收回到向内积累，专注于自己的事情。,历史人物 + 类比意象,句数:76；短句重锤:50；反转词:15,不是让你对外界无动于衷，而是不让外界的风吹草动随便就把你带走。,外界的一切只是一面镜子，照的是你的内在。当你把所有的时间和精力，真正花在一件事情上，把它做精、做透，你自然会在里面走出自己的路。这条路，才是真正属于你的。,,传统概念现代化 + 情绪修复 + 分层/排比收束；默认迁移到认知成长主题,历史/名言归属 | 宗教/传统概念,01_最终完整文案/7660468197740596532.transcript.reviewed.md,终审稿:7660468197740596532.transcript.reviewed.md；开头、前3秒近似口播与前30秒近似口播均由终审稿起始段落定位,允许检索调用原句、例子、案例、比喻、个人故事、具体事实、数字、口头表达和原始顺序；保留素材ID与来源，事实性内容发布前核验。
63,7660896909606849807,https://www.douyin.com/video/7660896909606849807,,383.83,33155,380,13856,4502,mature_31_65,为什么说“慕强”只是人生的最低级阶段？真正走到最后的人，都在 慕空,情绪_自我成长,反常识/悖论 | 身份分层 | 权威借力 | 三级或清单 | 短句重锤 | 诗性升华,情绪被外界牵引、内耗而无法稳定行动,身份/境界重新定义,弱时慕强，强时慕智；智时慕觉，觉时慕空。,弱时慕强，强时慕智；智时慕觉，觉时慕空。这十六字真言，道尽了每个,弱时慕强，强时慕智；智时慕觉，觉时慕空。这十六字真言，道尽了每个人人生的四个阶段。这是一座拾级而上的金字塔，越往高处，行人越稀。多数人穷尽一生，也只徘徊于山脚；少部分人跌跌撞撞，勉强攀至半山腰；而真正走到最后的，少之又少。至于你最终能抵达何处，全凭各自的悟性与造化。一个人最开始对世界的理解，往往只有一个字：强。没钱就拼命赚钱，没地位就拼命往上爬，受过欺负，就想着变得让人不敢惹。这从来不是什么错误的逻辑。这几乎是所有人的本能，也正因为这样，让我们走上了人生第一阶段：弱时慕强。战国时代，商鞅是那个时代最有力量的改革者。,弱时慕强，强时慕智；智时慕觉，觉时慕空。这十六字真言，道尽了每个人人生的四个阶段。这是一座拾级而上的金字塔，越往高处，行人越稀。,引言 → 弱时慕强：弱时慕强是本能，商鞅变法失败说明强不是终点。 → 强时慕真：强时慕真，懂得规律的人会在某个时间点主动做减法，为下一次增长腾出空间。 → 真时慕觉：争时慕绝，心空才能正，心正才能看见事情的本来面目。 → 觉时慕空：觉时慕空，放下执念，心不再向外攀附，反而看见了更大的东西。 → 结语：人的成长是一路向内走，放下的越多，生命越辽阔。,传统文本 + 历史人物,句数:89；短句重锤:61；反转词:33,不是输在能力，而是输在他把强制当成了唯一答案。 | 这个减不是失去，而是给下一次增长腾出空间。 | 这不是玄学，而是一种对事物运行规律的理解。,弱的时候追求力量，强的时候追求规律；看见规律之后追求觉悟，真正觉悟之后追求留白。人的成长不是一路向上爬，而是一路向内走。走到最后，你放下的越多，生命反而越辽阔。,,传统概念现代化 + 情绪修复 + 分层/排比收束；默认迁移到认知成长主题,历史/名言归属 | 绝对化承诺,01_最终完整文案/7660896909606849807.transcript.reviewed.md,终审稿:7660896909606849807.transcript.reviewed.md；开头、前3秒近似口播与前30秒近似口播均由终审稿起始段落定位,允许检索调用原句、例子、案例、比喻、个人故事、具体事实、数字、口头表达和原始顺序；保留素材ID与来源，事实性内容发布前核验。
64,7661179181669092642,https://www.douyin.com/video/7661179181669092642,,307.97,58390,393,24299,7073,mature_31_65,一个人见过世面最好的状态就是挫其锐，解其纷，和其光，同其尘,传统智慧_现代认知,反常识/悖论 | 身份分层 | 权威借力 | 三级或清单 | 短句重锤 | 诗性升华,情绪被外界牵引、内耗而无法稳定行动,身份/境界重新定义,一个人见过世面最好的状态是什么？,一个人见过世面最好的状态是什么？《道德经》用一个词概括，那就是“,一个人见过世面最好的状态是什么？《道德经》用一个词概括，那就是“和光同尘”。你身边有没有这样一种人？他看上去没有任何攻击性，但是你就是觉得他很厉害，而且跟他相处，你觉得很舒服。这才是真正见过世面的认知高手。这可不是说让我们同流合污、稀里糊涂地混日子，而是一种顶级的智慧和修行。要想达到这个境界，就得经历这四个过程：挫其锐，解其纷，和其光，同其尘。先说挫其锐。《道德经》里有句话叫：“大方无隅，大器晚成。”意思是真正宏大的东西，反而看不到棱角。真正聪明的人，越低调，活得越好。这世上聪明的人不少。能看穿事物本质，是他们的优,一个人见过世面最好的状态是什么？《道德经》用一个词概括，那就是“和光同尘”。你身边有没有这样一种人？,引言 → 挫其锐：真正聪明的人会低调行事，避免锋芒毕露，以免引起他人的敌意。 → 解其纷：解纷需要理解对方，找到矛盾的根源，避免争论对错，而是寻求双方都能接受的解决方案。 → 和其光：和其光是让别人发光，发挥他们的价值，而不是廉价的拍马屁。 → 同其尘：同其尘是尊重不同的爱好和观点，避免鄙视链，理解高雅和通俗的相对性。 → 总结：和光同尘是剥掉自我，成为光本身，照亮自己，温暖别人，融入任何一束光，接纳任何一粒尘。,传统文本 + 历史人物,句数:80；短句重锤:55；反转词:35,这可不是说让我们同流合污、稀里糊涂地混日子，而是一种顶级的智慧和修行。 | 解纷不是帮人和稀泥，而是你能看到别人看不到的那根线。 | 和其光，不是你自己发光，而是让别人发光。,这就是和光同尘。不是让你变得暗淡，而是成为光本身。你可以照亮自己，也可以温暖别人，也可以融入任何一束光，接纳任何一粒尘。,,传统概念现代化 + 情绪修复 + 分层/排比收束；默认迁移到认知成长主题,历史/名言归属 | 宗教/传统概念 | 绝对化承诺,01_最终完整文案/7661179181669092642.transcript.reviewed.md,终审稿:7661179181669092642.transcript.reviewed.md；开头、前3秒近似口播与前30秒近似口播均由终审稿起始段落定位,允许检索调用原句、例子、案例、比喻、个人故事、具体事实、数字、口头表达和原始顺序；保留素材ID与来源，事实性内容发布前核验。
65,7661605040515321138,https://www.douyin.com/video/7661605040515321138,,338.7,5129,44,2136,569,mature_31_65,怎么做到永远不生气，对事量权，对人揣情,情绪_自我成长,反常识/悖论 | 权威借力 | 现实场景 | 三级或清单 | 诗性升华,情绪被外界牵引、内耗而无法稳定行动,痛点或判断式标题,鬼谷子说，人怎么能做到一辈子不生气？,鬼谷子说，人怎么能做到一辈子不生气？鬼谷子在《揣篇》里面说：“古,鬼谷子说，人怎么能做到一辈子不生气？鬼谷子在《揣篇》里面说：“古之善用天下者，必量天下之权，而揣诸侯之情。”人很多时候，不过只是情绪、欲望和恐惧的集合。这句话想通了，你会发现，你之所以觉得愤怒，觉得身边的人不可理喻，归其原因，是你认为人是讲道理的。你拿着数据去说服老板，他还是大发脾气；你和伴侣好好地说话，他还是死不认账。你以为你在跟一个讲逻辑的人说话，但不是的。你面对的是他心里的不安全感，是他急于满足的欲望，而这些东西是不讲道理的。真正能把事做成的人，善用天下者，脑子里面装着两样东西：一样叫量权，用来处理客观的事情,鬼谷子说，人怎么能做到一辈子不生气？鬼谷子在《揣篇》里面说：“古之善用天下者，必量天下之权，而揣诸侯之情。”人很多时候，不过只是情绪、欲望和恐惧的集合。,引言：鬼谷子认为人是情绪、欲望和恐惧的集合，真正能把事做成的人，脑子里装着量权和揣情。 → 量权：量权是处理客观事情，与情绪无关，只关乎规律和逻辑。 → 揣情：揣情是琢磨人心，人的理性不是用来做决定的，而是替心里早就定好的答案找解释。 → 结语：鬼谷子的学问核心是让你先把自己看明白，看清自己，才是揣情最深的那一层。,传统文本 + 生活场景,句数:83；短句重锤:54；反转词:16,这不是在教人使坏，而是把人看清楚之后自然得出的结论。 | 所以鬼谷子这套学问，核心不是教你把别人看穿，而是让你先把自己看清。,所以鬼谷子这套学问，核心不是教你把别人看穿，而是让你先把自己看清。你知道自己在怕什么，你不用急着赢，你才真的能说进去，才真的能把事做成。看清自己，才是揣情最深的那一层。,,传统概念现代化 + 情绪修复 + 分层/排比收束；默认迁移到认知成长主题,,01_最终完整文案/7661605040515321138.transcript.reviewed.md,终审稿:7661605040515321138.transcript.reviewed.md；开头、前3秒近似口播与前30秒近似口播均由终审稿起始段落定位,允许检索调用原句、例子、案例、比喻、个人故事、具体事实、数字、口头表达和原始顺序；保留素材ID与来源，事实性内容发布前核验。
