episode,aweme_id,created_at,desc,duration_seconds,transcript_chars,text_source,digg_count,collect_count,comment_count,share_count,opening_type,ending_type,opening_excerpt,ending_excerpt,pattern_hits
1,7641876208291958051,2026-05-20T15:42:42,把有限的钱和时间要花在正确的人和事上 #社交 #人生必修课 #认知思维,289.83,1832,人工终审稿,1952,951,20,337,命令或建议开场,价值升华,无论如何，都要对自己有用的人出手阔绰。每一分钱都该花在能够增值的人身上。这叫“社交投资思维”，也是穷人和富人最大的分水岭。听到这句话，肯定有人要在心里骂我势利眼了，觉得朋友之间谈钱、谈价值，太铜臭味了吧？但如果你真的把社交当成请客吃饭、凑个人场，那你大概率正在被一段又一段无效的关系慢慢榨干你的生命力。咱们先撕开一个特别,下来的每一分钱、抽回来的每一分注意力，全部重仓压注在少数几个能让你破局的关键人物身上，或者干脆投资给你自己。别怕被别人说你现实。成年人的世界，维持关系是极其昂贵的。与其做一个谁都不得罪、但也谁都指望不上的烂好人，不如做一个目标极度清晰、懂得断舍离的清醒者。社交投资从来不是教你变得冷血无情，而是教你在有限的生命里，把最大的温柔和阔绰，留给那些真正配得上你的人。,命令或建议开场:1 | 结果承诺:1 | 大白话翻译:1 | 权威背书:5 | 强反转:4 | 身份分层:6 | 替观众质疑:1 | 行动收束:1 | 价值升华:4
2,7641622542096043299,2026-05-19T23:18:33,大脑不追求幸福，只追求控制感 #思考 #内耗焦虑 #认知思维,293.5,1873,人工终审稿,734,348,8,101,直接断言或故事开场,价值升华,大脑不追求幸福，大脑只追求控制感。绝大多数人都以为，自己过得不快乐，是因为拥有得不够多。但真相是，你的大脑根本就不在乎你幸不幸福。它出厂时的默认设置只有三个任务：生存、预测，以及为了确保安全而控制一切。这种刻在基因里的生物本能，就是为什么就算你今天卡里存了一笔钱，安稳地躺在沙发上，依然会觉得胸口发闷、时刻焦虑，总觉得如,触感。主动去调用你右脑的全息感知，去安抚那个暴躁的左脑。给自己的情绪九十秒的自然流淌时间，看着它来，再看着它走。生命这道题，从来不是看你最后能积攒多少战利品，也不是看你把名为生活的试卷填得有多么完美无瑕，而在于你是否真切地、毫无防备地感受过每一个当下的微风。别让那些过去的幽灵和未来的恐惧，偷走了你最纯粹的喜悦。把心智的遥控器拿回自己手里，去真切地体验今天吧。,结果承诺:1 | 观众镜像:1 | 权威背书:2 | 强反转:3 | 身份分层:1 | 替观众质疑:3 | 价值升华:3
3,7640860487919389978,2026-05-17T22:01:13,为什么你的计划总是一拖再拖？因为你把决定权交给了情绪！ #认知觉醒 #交付 #行动力 #心理学  #思维认知,310.27,1983,人工终审稿,665,285,9,84,直接断言或故事开场,行动号召,妓女从来不靠感觉接客，作家也从来不靠灵感写作。你说你今天状态不行？不好意思，这个是你自己需要解决的问题，没有人管你状态好不好。听完这两句话，是不是觉得胸口发闷，甚至有点想反驳？如果这句话刚好戳中了你的痛处，让你脑子里瞬间闪过了无数个平时找借口的画面，那么接下来的这段拆解可能会彻底颠覆你的认知。它很冷酷，但绝对能帮你斩断,手，生活就会瞅准机会把你生吞活剥。所以，从此刻开始，别再去测算自己今天的状态好不好，也别再问自己准备得够不够完美。收起那些易碎的玻璃心和没用的感慨，像一台上了发条的精密机器一样，把今天该交的差结结实实地交出去。拿结果说话，才是你面对这个冷酷世界时最硬的底气。记住，日子永远是硬生生趟出来的，从来不是坐在椅子上等出来的。把执行力拉满，走出去，去拿回属于你的结果。,结果承诺:2 | 观众镜像:1 | 概念引入:2 | 大白话翻译:1 | 权威背书:2 | 强反转:4 | 身份分层:5 | 替观众质疑:1 | 行动收束:5 | 价值升华:4
4,7640705928941161743,2026-05-17T12:01:29,反向的人性博弈才是取胜之道 ,308.63,1963,人工终审稿,44258,23738,2059,14492,提问开场,价值升华,什么样的人适合炒股？翻遍索罗斯和达里奥的投资记录，你会发现一个秘密：他们从不提天赋，也不提出身。这两个人反复强调的只有一件事——在金钱游戏里，心态决定生死。你可能觉得这开头有点像是在熬鸡汤，谁不知道炒股心态重要？但大部分人根本不知道，华尔街顶级玩家嘴里所说的心态，其实是一套极其残忍的反人性防御机制。如果你在交易中一直赚,不是一场拼智商、拼背景、拼招数多寡的短跑。这是一场关于你有没有能力对自己的冲动、恐惧和自以为是说“不”的终身博弈。赢不了市场没关系，但你得先赢自己。那些能扛得住孤独、敢于承认无知，还能把情绪死死踩在脚下的人，哪怕他不那么绝顶聪明，财富也早晚会以时间复利的形式流进他的口袋。反之，如果性格里全是急躁和幻想，就算熟读了所有的交易理论，也依然逃不脱被市场收割的命运。,提问开场:1 | 时间承诺:1 | 结果承诺:2 | 观众镜像:1 | 概念引入:1 | 大白话翻译:2 | 权威背书:3 | 强反转:2 | 身份分层:4 | 行动收束:3 | 价值升华:2
5,7640112676718333190,2026-05-15T21:39:23,月营业额 10w 的小店，实际能赚到的会「让人瞠目结舌」 #开店 #实体行业 #真相 #认知思维,247.57,1544,人工终审稿,666,274,10,113,提问开场,价值升华,你知道开一家月营业额10万的小店，最后钱进了谁的口袋吗？大概率不是你的。房东拿走一块，平台拿走一块，剩下的才轮到你。听着是不是像在浇冷水？但请先别急着反驳。如果你或者你身边的朋友正跃跃欲试，准备拿着辛苦攒下的几万、十几万去盘个店面，接下来的这几分钟请务必竖起耳朵听。因为我要给你揭开一个被无数高流水的朋友圈截图，死死掩盖,所谓的外卖排名高，那是平台的流量池；所谓的地段好，那是房东的底气。一旦这两件事你都没算明白，你越努力，你在这个牌桌上的议价能力就越弱。所以，无论是准备拿着真金白银入局的新手，还是正在纠结要不要加大外卖投入的老板，先别管那张流水单有多好看，静下心来把这两道题算清楚。创业是为了让自己拿回生活的掌控权。别熬光了身体，最后却发现自己只是给别人打了一场轰轰烈烈的长工。,提问开场:1 | 延迟反驳:1 | 时间承诺:1 | 观众镜像:2 | 概念引入:2 | 大白话翻译:1 | 强反转:4 | 身份分层:1 | 价值升华:2
6,7639726333802679590,2026-05-14T20:40:15,《以日为鉴》这本书，真心建议大家认真看看 #考公 #认知思维 #书本里的知识,348.91,2193,人工终审稿,36267,9351,1090,14839,直接断言或故事开场,价值升华,父母逼着考公务员，是在救你，还是在害你？去年国考，三千人抢一个岗位。所有人都觉得，只要上了岸，这辈子就稳了。但有个国家已经用40年时间证明：当所有人都觉得安全的地方，恰恰是最危险的。这个国家就是日本。历史总是惊人地相似。那些曾经在另一片土地上上演过的残酷现实，正在以极其隐蔽的形变，在我们的生活里重播。为什么一个拼命追求,拆解给你看，绝对不是为了贩卖焦虑，更不是为了让你觉得前途黯淡，而是想告诉你：永远不要让别人用所谓的安全感来绑架你的人生选择。看清真相，是为了让你不再盲目地被羊群裹挟。与其闭着眼睛往那个看似安全、实则正在崩塌的深坑里跳，不如现在就睁开眼，去看看这个世界真正稀缺的是什么，找准你的增量场。哪怕一开始充满未知，也比在一个注定沉没的系统里抢夺最后一张船票，要清醒得多。,概念引入:2 | 大白话翻译:1 | 权威背书:4 | 强反转:8 | 身份分层:2 | 替观众质疑:1 | 价值升华:2
7,7639313715996691762,2026-05-13T17:58:55,财富不看智商，只看这一件事 #财富 #财富自由 #思维认知 #个人成长,278.51,1773,人工终审稿,70407,15546,2074,28361,场景开场,行动号召,当你账户里躺着180万现金，开一辆25万的车，住在120平的全款房里，你的日常生活其实已经和那些富豪没有太大区别了。千万别急着反驳，也别觉得这是在画大饼。听完这句话，你可能马上会在心里盘算：人家出门前呼后拥，一顿饭顶我半个月工资，这怎么比？请给我几分钟时间。咱们今天不灌任何鸡汤，就纯粹从“人类肉体出厂设置”的角度，来算,是你名下拥有多少串数字，而是你能不能绝对掌控自己的时间，能不能对让你不舒服的要求，硬气地说一声“不”。如果你现在已经有了属于自己的避风港，有了遮风挡雨的车，还有一笔随时能给你托底的存款，那就请你立刻停止内耗。别再去看别人晒了什么。给自己泡杯热茶，好好感受这个清晨的微风。在这场人生的长跑里，只要你不欠任何人，不惧任何突发状况，其实你早就已经是那个真正的赢家了。,场景开场:1 | 延迟反驳:1 | 时间承诺:1 | 观众镜像:1 | 概念引入:2 | 大白话翻译:1 | 权威背书:2 | 强反转:1 | 身份分层:1 | 行动收束:1 | 价值升华:2
8,7638975546461785384,2026-05-12T20:06:40,什么是弱者着相，强者破相，智者无相？ #认知觉醒 #道家 #人生智慧 #开悟 #天道,293.44,1845,人工终审稿,4425,1802,36,470,提问开场,价值升华,什么是弱者着相、强者破相、智者无相？我们总是习惯性用固化的世俗标准给世间万物下定义，用局部特征框定事物的全部本质，却从未追问过事物的本来面目。着相的核心，是把表象当成本质，把执念当成底线，把外界的评价当成自我的标尺，最终沦为情绪的奴隶。听到这段话，你可能会觉得有一点点烧脑。但请你先别急着划走。接下来的这几分钟，我会帮你,意克制、不需要咬牙修行、本自具足的圆满状态，就是真正的智者无相。所以，人生这场漫长的修行，本质上就是一个不断破相，最终抵达无相的过程。你能放下多少外界强加的执念，就能破掉多少束缚你的相；你能守住多少纯粹的本心，就能获得多大维度的自由。别再拿外界那把破尺子，去丈量你自己原本无限的人生了。去体验，去觉醒。在这个喧嚣的世界里，干干净净地、通透地活出你原本的样子吧。,提问开场:1 | 延迟反驳:1 | 时间承诺:1 | 结果承诺:3 | 观众镜像:2 | 概念引入:2 | 大白话翻译:1 | 权威背书:1 | 强反转:2 | 身份分层:15 | 替观众质疑:3 | 行动收束:1 | 价值升华:9
9,7638664477021326643,2026-05-11T23:59:37,天赋是可以练出来的，尝试用左手做你擅长的所有事 #认知觉醒 #人生感悟 #本质 #经验分享,285.1,1896,人工终审稿,2545,1033,114,167,暴论或断言开场,行动号召,天赋是可以练出来的。尝试用左手吃饭、刷牙，这些行为听起来很荒谬，对不对？但我要告诉你，这恰恰是打破天赋迷信最直接的方式。你可能会想，我都这么大人了，为什么还要去折腾这种吃力不讨好的事？但请给我几分钟。接下来，我不仅会帮你撕碎“天赋论”的骗局，还会告诉你一套改变我一生的方法论。你有没有发现一个很绝望的现象？很多人一遇到瓶,时此刻，你不是在练手，你是在做大脑的拓荒者。当你亲眼看着自己的非惯用手，从连个杯子都端不稳，到能熟练地完成复杂动作，你会在最底层的生理逻辑上推翻对自己的怀疑。你会深深地确信：原来我以为的天花板，真的只是因为我没去搭梯子。笨拙从来不是成长的绊脚石，它是进化的入场券。去行动吧，去试着打破一次偏见，让你的大脑重新年轻一次。你会发现，你的极限远比你想象的要深邃得多。,暴论或断言开场:1 | 时间承诺:1 | 观众镜像:1 | 概念引入:1 | 大白话翻译:1 | 权威背书:3 | 强反转:4 | 身份分层:1 | 替观众质疑:1 | 行动收束:2
10,7638280761396710682,2026-05-10T23:10:36,被刻意隐藏的审美真相，全景式病态陷阱 #女性 #女性成长 #认知觉醒 #思维认知,259.97,1725,人工终审稿,153,57,6,75,提问开场,行动号召,你知道以前为什么要让女人缠足吗？教科书会告诉你，是为了把女人锁在家里，是为了让她们走不远、跑不掉、依附男人。这个答案只对了一半。真正让我脊背发凉的，是另一个被刻意藏起来的版本：一个女人的脚骨被硬生生折断、裹紧之后，她这一辈子都没办法正常受力行走。为了不摔倒，她整个下半身的肌肉群会长期处于一种畸形的紧绷代偿状态。我不把话,。真正高级的美，是你皮肤透着健康的血色，走路带风，说话掷地有声；是你站在那里，别人就能感受到一种极具压迫感的生命力场。记住，你的身体是你这辈子在这个世界上开的唯一一家无限责任公司。不把任何精力浪费在迎合别人的凝视上，按时吃饭、早睡早起，把锻炼出来的体力全部用来提升自己的赚钱技能和生存壁垒。守住你的健康底盘，拿回定义你自己的那支笔，才是成年人最清醒的长期投资。,提问开场:1 | 延迟反驳:1 | 观众镜像:1 | 大白话翻译:1 | 权威背书:1 | 强反转:3 | 行动收束:2 | 价值升华:5
11,7637924826572705065,2026-05-10T00:09:36,赚钱的模式，在这个世界上只有四种，你是哪一种 #思维认知 #人性弱点 #增加认知,247.94,1736,人工终审稿,353,126,5,62,直接断言或故事开场,行动号召,月薪三万的人和月薪三千的人，其实没什么区别。这个世界上所有的职业，本质上只有四种：小姐、强盗、小偷、马扁。别急着骂我，听我把话说完。咱们先来看第一种：小姐模式。听着不好听，但底层逻辑极其干净，就是客户心甘情愿掏钱。你去小店吃碗面，十五块钱，你坐下来就是认可这个价。你在网上下个单，外卖小哥风里雨里把饭送到你手上，这叫明码,后，还在抱怨老板抠门、同行内卷，我劝你立刻停下来，不要再用低效的时间去死磕微薄的死工资了。你应该把精力用在如何跳出卖时间的陷阱，去寻找哪怕只有一点点信息差的马扁模式，或者去搭建一个属于自己的资源壁垒。记住，在这个残酷的草莽世界里，你的体力永远是最廉价的。只有看懂了这套吃人的商业底层规律，把赚辛苦钱的思维切换成搞流量和赚差价的套路，你才能拿到人生翻盘的入场券。,概念引入:1 | 大白话翻译:1 | 权威背书:2 | 强反转:2 | 身份分层:1 | 替观众质疑:1 | 行动收束:2 | 价值升华:1
12,7637487731915918598,2026-05-08T19:53:12,富裕家庭向下托举 贫穷家庭向上回报 无德养愚孝 愚孝出恶老#思维认知 #人性大实话 #共鸣,244.69,1810,人工终审稿,195,83,4,82,直接断言或故事开场,结论收束,凡是把老人摆在很高位置的普通家庭，基本上都会走下坡路。在传统观念里，孝是天经地义的，这个是没错。但是不能以老人为核心，相反，必须要以下一代、以年轻的一代为核心去经营家庭。你听完这话，可能觉得我大逆不道，觉得这是在挑战咱们几千年的伦理道德。但你应该反过来想一想，如果你出生在一个非富即贵的大家族，长辈手里握着大把的资源、人,把家里有限的现金流和注意力，像浇筑钢筋混凝土一样，死死地砸在下一代人的教育和中间力量的认知破圈上。对长辈那些不合时宜的建议，左耳进、右耳出，彻底剥夺他们对家庭重大事项的决策权。把方向盘死死握在那个还在不断学习、还在外面赚钱的人手里。不要再被沉重的旧道德绑架了。把你有限的精力和筹码，永远投向那个代表着未来的增量市场，才是成年人对自己、对整个家族最负责任的交代。,大白话翻译:1 | 强反转:1 | 价值升华:1
13,7642220065483492643,2026-05-21T13:57:05,为什么说只要开始“输出”，你的人生效率就能暴涨十倍？ #认知思维 #认知 #输出 #博主,276.1,1737,人工终审稿,217,97,2,27,命令或建议开场,行动号召,建议普通人都尽量去做认知型博主。说一个暴论：真正适合普通人的，只有认知型口播博主。这句话听起来是不是有点离经叛道？大家都在卷颜值、卷搞笑、卷擦边，凭什么我敢说，只有拼脑子的认知赛道，才是普通人唯一的破局点？因为认知创作，才能让人飞速迭代。很多人的工作是消耗型劳动，不仅学不到东西，还容易把身体搞垮。先来做一个极其扎心的自,需要按下开始键，去记录你踩过的坑，去分享你顿悟的瞬间，去把你大脑里的混沌梳理成清晰的文字。这不是一口“毒打社会”的鸡汤，而是用无数创作者的生命轨迹验证过的生存法则。记住，博主的身份从来不是人生的终点，它只是一把极其锋利的破局工具。当你真正握紧这把工具，去对抗自身的懒惰和混沌时，你会发现，你不仅积累了丰厚的社会资本，更是悄悄为自己的人生开启了十倍速的作弊模式。,命令或建议开场:1 | 观众镜像:1 | 权威背书:3 | 强反转:1 | 身份分层:6 | 替观众质疑:1 | 行动收束:3 | 价值升华:7
14,7642250423872638223,2026-05-21T15:54:52,如何找到你真正想做的事情？找到你热爱的事情，不亚于找到你自己 #抖音精选 #看优质好内容就来抖音精选 #天赋 #认知思维,335.12,2119,人工终审稿,214,105,2,23,提问开场,价值升华,你有没有真正想做的事？其实你拼命地刷短视频，是想找到真正的自己，想找到一套能够落地的人生公式。而你刷到这条视频，是不是手机刚好电量不足30%？那请你先收藏这条视频，因为我只需要你花一个晚上的时间，就能带你找到你的天命所归。我们要做的，绝不是一次随意的睡前反思。接下来你要听到的，是一套被彼得·德鲁克等全球顶尖管理学大师反,由边界。把这三个圈里的关键词放在一起，就像玩连连看一样，找到那个唯一共通的交集。那个交集，就是你苦苦寻找的真正想做的事。别害怕开始时的粗糙和自我怀疑。因为每一个掌控自己人生的超级玩家，都是从一片混沌中慢慢看清自己轮廓的。只要你敢于对自己进行这场毫不留情的诚实解剖，哪怕一开始只有微弱的回音，那也是你生命里最真实的脉搏。别等了。就今晚，去找出那个只属于你的答案。,提问开场:1 | 观众镜像:2 | 大白话翻译:2 | 权威背书:1 | 身份分层:1 | 替观众质疑:1 | 价值升华:9
15,7642692521780464936,2026-05-22T20:30:36,为什么外部的“善意提醒”，是婚姻最大的杀手？ #独立思考 #婚姻 #关键对话 #心理学 #认知思维,232.71,1514,人工终审稿,1962,737,37,1921,直接断言或故事开场,结论收束,我和老婆有个规定：谁要是让我们之间产生间隙，这个人就直接出局，包括双方父母。不是不孝，是因为我们算过这笔账：家里任何一次内耗，背后都有一个真实的数字在流走。我见过很多刚结婚的夫妻，两个人其实没什么大矛盾，工作各有前途，对未来也有想法。结果过了三五年回头看，好像什么也没做成。不是因为懒，是因为那几年的精力全填进去了：填进,，守住这段关系，不是一件浪漫的事，是一件非常现实的事。你们两个人是这个家唯一的风险共担方。合同上签的是你们两个名字，账单上还的是你们两个人的工资，十年后回头看的，也只有你们两个。那些在你们争吵过程中路过、发表过意见的人，不会记得他们说过什么，但那个机会窗口关了，就是关了。有人说，感情好的夫妻才能做到这一点。我觉得反过来才对：做到这一点的夫妻，感情才会真的好。,强反转:1
16,7643072492197727503,2026-05-23T21:05:06,到底攒多少钱可以不上班 ,307.14,1943,人工终审稿,173,67,3,40,直接断言或故事开场,价值升华,攒够五十万，觉得一百万才安全；攒到一百万，又开始担心通胀。你以为是自己贪，其实这是一种心理机制。今天一个视频说透它。刚工作时，觉得攒够五十万就自由了。五十万到账，突然觉得一百万才稳；一百万存进去，开始担心通胀、担心生病、担心父母，数字变成了一百五十万。这不是你意志力不够，这是一种有名字的心理机制——目标膨胀。它的运作方,用烂了，真实的状态更接近于：你可以做自己觉得值得做的事，同时不需要为了钱去做你不想做的事。大多数人到了这个节点，并不会什么都不做，只是做的事变了。回到那个问题：攒多少钱可以不上班？没有统一答案，但有一个确定的起点——认真算出你真实的年度支出，锁住这个数字，然后用它除以零点零五。很多人一辈子没做过这道除法。做完这道题，你会发现，你离那条线可能比你以为的近得多。,价值升华:4
17,7643434162665442575,2026-05-24T20:28:31,为什么最赚钱的生意，表面看起来都不赚钱？ #赚钱 #认知思维,292.25,1884,人工终审稿,141,55,2,23,直接断言或故事开场,结论收束,宜家每年要卖出去一亿个冰淇淋甜筒，五块钱一个，几乎不赚钱。但宜家从没想过停掉这个产品，因为这根甜筒根本不是用来赚钱的，它是用来让你多待二十分钟的。多待二十分钟，你可能就会多花一两百块。全球最会卖家具的公司，核心商业逻辑并不在家具上。那些你觉得“这怎么可能赚钱”的生意，往往才是真正印钞的地方。甜筒其实只是冰山一角。把宜家,，账本上的数字会天差地别。有个细节我一直记得。第一次搞明白吉列这套逻辑的时候，我回头看了看自家浴室柜里的那把剃须刀。买它已经多少年，记不清了；刀架还在，刀片换了多少轮，也数不清了。那把刀架当初可能不到五十块钱，但这些年贡献给吉列的刀片钱，早就超过了一台顶级电动剃须刀的价格。我买刀架的那天，以为自己只是做了一个一次性的决定，其实我是签了一份没有终止日期的合同。,强反转:1 | 身份分层:1
18,7643833205165968680,2026-05-25T22:17:00,为什么范家能富过九百年？ ,308.48,1949,人工终审稿,15044,4392,290,1636,直接断言或故事开场,结论收束,范仲淹拿出一千亩田产，放在苏州城外。这笔钱竟然从北宋一直活到了民国，前后九百年，却从没断过。九百年，你敢想这是一个什么概念吗？要知道，历史上一个封建王朝的平均寿命，通常连三百年都不到。也就是说，这笔被称为“义庄”的资产，硬生生熬过了宋、元、明、清几个朝代的残酷更迭，中间躲过了靖康之难，熬过了太平天国，更是在漫长的岁月里,也许创造不了多大的增量，但他们能死死守住那条不能越界的红线。你现在回头看，这段长达九个世纪的财富漂流记，范家其实从来没有诞生过什么改变商业版图的巨贾。他们只是一代又一代人，笨拙地、死心塌地守着那几道看似刻板的规矩。在这个永远充满诱惑和不确定性的世界里，金钱到最后其实并不奖励那些绝顶聪明、总想走捷径的人。它只奖励一种人：那些在漫长岁月里敬畏常识、恪守底线的人。,权威背书:2 | 替观众质疑:3 | 价值升华:1
19,7644195046853578036,2026-05-26T21:41:02,为什么再完美的制度，也防不住钻空子？ #北宋 #历史故事 #如果说,237.38,1477,人工终审稿,570,197,13,54,直接断言或故事开场,问题收束,北宋曾有一套堪称完美的监管制度，但不到二十年就全盘作废。不是执行不下去，而是大宋的商贩发现了藏在里面的真相，而恰好这个真相，跟我们今天的生活又息息相关。北宋开封有个规矩，叫“市令巡秤”。每天早上，事前官员得挨个摊位查秤，看有没有动过手脚。这个看似天衣无缝的制度，执行不到二十年就名存实亡了。不是没用，是那时根本不需要。当,们画的大饼，你就冷眼旁观一件事——在这个生态里，那些老老实实做事、不走捷径的人，现在过得好吗？如果老实人在这里能体面地活下去，大可有为；但如果老实人成了全场最大的笑话，成了背锅和吃亏的代名词，一秒钟都别犹豫，趁早抽身。因为那些到处钻营的聪明人，最多只能告诉你这里还有多少红利可以捞；而那些被打压的老实人，却能无比精准地告诉你，这个系统距离彻底坍塌还剩多少时间。,观众镜像:1 | 权威背书:1 | 强反转:2
20,7644578524879129899,2026-05-27T22:29:14,两千年前老话，点透职场生存法则 ,358.0,2312,人工终审稿,1022,391,21,150,提问开场,行动号召,有没有发现一个特别气人的现象？办公室里最闲的人，工资往往最高；那个天天加班到最后的，反而最先被裁。这不是你的错觉，这是一条铁律。两千多年前，汉朝一个叫桑弘羊的大臣，在朝堂上当着皇帝的面，把这层窗户纸捅破了。他面对着满朝文武，尤其是那些自诩清高、指责他与民争利的穷书生，直接甩出了八个字：“富在术数，不在劳身。”为什么这两,起一口锅的底层能力。说到底，两千年前的桑弘羊，把话撂得透透的：这个世界从来不奖励毫无策略的苦力，它只奖励那些看懂了规则并善用杠杆的人。每天埋头拉车、流血流汗，如果没把精力投资在积累“术数”和“盐铁”上，那你不过是在用自己的青春，替别人的财富大厦和泥抹砖。低头干活的人太多，抬头看路的人太少。而真正能在这个时代拿到结果的，是那些先抬头看清了牌桌，再低头下注的人。,提问开场:1 | 观众镜像:2 | 概念引入:1 | 强反转:4 | 身份分层:2 | 行动收束:1 | 价值升华:2
21,7644889050234506538,2026-05-28T18:34:06,为什么我劝你先拿两百块去试水？ #赚钱思维 #认知思维,334.44,2189,人工终审稿,483,199,7,78,直接断言或故事开场,问题收束,两百块，就能试出来你那个想做的生意成不成。我知道你可能觉得这话不靠谱。两百块能干什么？开店要租金、要设备、要备货，随便一样都不止这个数。但我说的不是这个。我说的是用两百块去买一个答案：你这门生意，现在到底有没有人愿意为它付钱？我有个朋友叫建军，在工地上干了七年，业余时间喜欢琢磨吃的。他做的家常菜，红烧肉、糖醋排骨，工友,己留了一条规矩：任何新想法冒出来，先问自己一句，能不能用两百块以内，这个月拿到一个真实的答案？答案只有两种：有人付钱，或者没人付钱。两种都值。有人付钱，你知道可以往前走；没人付钱，你知道现在还不是时候，要么东西不够好，要么对象找错了，调整再试。比把二三十万砸进去，开了张才知道，要便宜太多。你手上有没有一件一直搁着没动的事？想想看，它的“两百块版本”长什么样。,
22,7645207502186908947,2026-05-29T15:09:49,为什么说第一个10万块，是你拉开阶层差距的分水岭？ #财富 #认知思维 #存钱 #复利思维 #如果说,272.88,1752,人工终审稿,1561,526,33,230,直接断言或故事开场,价值升华,你存折里的第一个十万块，决定了你什么时候能跳出死工资的陷阱。它是你和父母那代人最大的区别，是你摆脱“月光族”标签的分界线，更是你能不能让钱开始自己长大的第一颗种子。大多数人好不容易攒下这笔钱后，第一反应是犒劳自己。于是，这颗好不容易结出来的种子，还没来得及生根发芽，就被一场说走就走的旅行、一个名牌包，或者一辆新车的首付,职场上唯唯诺诺。你可以理直气壮地拒绝那个恶心的项目；当家里遇到突发状况时，你不需要低三下四地去求人借钱。这种尊严和从容，是任何奢侈品和名牌车都给不了你的。所以，别急着用这笔钱去满足一时的虚荣。当你真正学会克制当下的欲望，让钱去替你打工，而不是你为了花钱去拼命加班的时候，你才算真正摸到了财富自由的门把手。守住你的第一颗种子，让它慢慢长大，时间会给你最好的回报。,观众镜像:1 | 权威背书:5 | 强反转:3 | 身份分层:1 | 替观众质疑:1 | 价值升华:5
23,7645652035567750436,2026-05-30T19:54:58,你的长相，本就是为人生任务量身定做的 #相由心生 #认知提升 #停止内耗 #容貌焦虑,262.8,1647,人工终审稿,24834,7598,2811,3094,提问开场,价值升华,为什么那些杀伐果断的上位者，都有着几乎雷同的面部特点？为什么天生苦相的人，经历的坎坷真的比别人更多？因为你的长相，其实是根据你这辈子的人生任务，提前搭配好的。别着急划走。你一定觉得面相太玄乎，但请仔细回想一下：你在生活或职场中，是不是总遇到这样的人？明明是第一次见面，他什么都没做，但你心里就觉得这人不好惹，得防着点；而,是迎合某一种单一的审美。你脸上的每一道纹路、每一处骨骼的起伏，都是岁月和经历替你打造的生存武器。你走过的弯路，咽下的委屈，扛住的重压，甚至你释放过的善意，全都在通过每天无数次的微表情，日复一日地重塑着你的肌肉走向。接纳这张被命运和经历共同雕刻出来的脸，别去破坏它浑然天成的气场。用好老天发给你的这张底牌，去稳稳地走完属于你的人生剧本。这就已经是最高级的清醒了。,提问开场:1 | 观众镜像:1 | 权威背书:2 | 价值升华:3
24,7645942254057688326,2026-05-31T14:41:02,南方家族持续赚钱，北方家族容易散财，差距到底在哪 #商业认知,247.21,1556,人工终审稿,10697,3606,181,1701,提问开场,问题收束,为什么南方家族总在赚钱，北方家族总在散财？明明北方人普遍学历更高、思维更宏大，但在家族财富的延续上，却总是惨败给南方人。为什么北方富豪一遇时代洗牌，动不动就倾家荡产、富不过三代，而南方家族哪怕破产了，也能迅速起死回生？这个问题我琢磨了很久，最后发现答案不在经济学，而在两种完全不同的“钱的哲学”。先说一个真实的现象。你去,能暴富的窗口，早就关了。现在的商业环境，拼的是抗风险能力，是谁的底盘更稳，是谁在行情最烂的时候手里还有子弹。所以，真正值得问自己的问题是：你手里的资产，是让你随时能动的资产，还是随时可能压死你的负担？你的关系网，是真实的利益共同体，还是一旦你没用就会蒸发的人情泡沫？你在培养下一代的时候，传的是规则和体面，还是真实的生存能力？讲清楚这几件事，比攒多少钱都管用。,提问开场:1 | 权威背书:2 | 强反转:1 | 行动收束:1 | 价值升华:1
25,7646373169162472767,2026-06-01T18:33:13,利弗莫尔：永远不要让盈利变成你卖出的理由 #卖飞 #处置效应 #如果说,381.05,2499,人工终审稿,734,292,23,159,提问开场,问题收束,为什么你一卖，它就涨？我认识一个做了三年交易的朋友。有一天，他在家里盯着手机屏幕哭了。不是亏钱了，而是他赚钱了。他拿着一只股票扛了四个月，从买入之后一路跌，跌了将近百分之三十，愣是没卖。周围人都说他死撑，他说：“我有判断，我等得起。”然后，股价慢慢涨回来。涨到浮盈百分之二十的时候，他卖了。他以为自己赢了，结果接下来那只,先保住再说”的出场设置。这套设置在危机环境里救过无数条命，但在市场里，它会让你在最该拿住的时候松手，在最不该动的时候动了。知道这一点之后，能改变什么？不是让你变成一个永远不卖飞的人，那不现实，任何人都会卖飞。而是下一次，当那个“赶紧卖”的念头突然冒出来的时候，你能多停一秒，问自己一句：是我想卖，还是我的恐惧想卖？就这一秒的停顿，有时候就是后来三倍涨幅的距离。,提问开场:1 | 权威背书:2 | 强反转:1
26,7647138694075321610,2026-06-03T20:03:55,纳瓦尔·拉维坎特：不要去管别人，只管早睡、运动和读书！ #早睡 #运动 #阅读 #如果说,358.63,2346,人工终审稿,146714,66950,1015,20107,直接断言或故事开场,价值升华,纳瓦尔说：“不要去管别人，只管早睡、运动和读书。”纳瓦尔这一句话直击本质：我们九成的痛苦，都源于对他人的过度关注。但问题是，为什么我们就是忍不住？你有没有想过，你每天真正花在自己身上的时间，到底有多少？不是刷手机的时间，不是发呆的时间，是真正在意自己、打理自己、往自己身上投资的时间。大多数人算下来，一天可能不超过半小时,个都不难。但放在一起持续去做，有一个心理学效应叫“行为复利”。每一天的改变微小到几乎感觉不到，但三个月后你回头看，你会发现自己整个人的状态变了。不是变得更厉害，而是变得更稳。外面的风吹过来，你不再那么容易跟着晃；你不再需要靠盯着别人来填满自己，不再需要靠别人的认可来确认自己是谁。不关注别人，不是冷漠，不是清高，是你终于把那份本来就属于你的注意力，还给了自己。,权威背书:7 | 强反转:2 | 替观众质疑:1 | 行动收束:1 | 价值升华:2
27,7647472332063264054,2026-06-04T17:38:32,为什么聪明的老板，都在“战略性缩水”？ #经商之道 #商业思维 #财富认知,321.64,2054,人工终审稿,1247,433,8,136,直接断言或故事开场,问题收束,企业最安全的规模，是一个亿以内，最多维持一二百名员工，一年净利润有个三五百万，尽可能合规经营。这是最舒服的状态。别急着反驳说我没志向，更别提什么“做大做强”的口号。在这行混久了，你就会发现，绝大多数老板的焦虑，不是因为没业务，而是因为膨胀的欲望撑破了经营的边界。为什么我劝你千万别做大？因为规模每翻一倍，老板的智商往往就,然大物强得多。最后我想说一个词：“战略性缩水”。这不是认输，这是一种极其清醒的自救能力。你看那些能在经济寒冬里活下来的企业，哪一个是靠规模大取胜的？都是靠消耗低、反应快、现金足。大象倒下只需要一个坑，而体量轻的公司，哪怕市场崩一半、关门歇业，还能带着这些年的利润全身而退，而不是背着一身债，在烂账里挣扎到最后一口气。做一个明白的老板，比做一个大老板重要一万倍。,延迟反驳:1 | 权威背书:2 | 强反转:2 | 身份分层:1 | 行动收束:1 | 价值升华:1
28,7647897900562861366,2026-06-05T21:10:00,人一旦有了体系，做什么都会成功！ #体系 #认知升级 #体系,252.61,1661,人工终审稿,982,542,10,102,直接断言或故事开场,行动号召,人一旦有了体系，做什么都会成功。人一辈子遇到的难题，百分之九十都不是无解的。真正的问题在于，你脑子里的东西太多、太杂，互相打架，谁也说服不了谁。所以我说，你缺的不是知识，而是能把知识组织起来的一套东西。那东西叫“体系”。但大多数人，包括很多聪明人，都混淆了一件事：他们以为多学、多记，就是在建体系。我认识一个朋友，做销售,道理里，有哪三个真正帮我做过决定？第二，我脑子里有多少观念，是别人告诉我的，我从没自己验证过？第三，如果只允许我保留三条核心原则，我会选哪三条？这三个问题，不是为了让你记住什么，是为了逼你做取舍。能回答出来的，才是真正属于你的东西；回答不出来的，说明它还只存在收藏夹里，没进你脑子。把这三个问题想透，你的体系就开始发芽了。主干长成，枝叶往哪里分，心里自然清楚。,权威背书:1 | 强反转:3 | 身份分层:1 | 行动收束:2
29,7648251421615246611,2026-06-06T20:02:03,为什么你的电脑，还没成为你的内部操作系统？ ,302.63,1937,人工终审稿,6082,3321,101,453,场景开场,结论收束,如果你有电脑，请疯狂提升自己。这是一个非常清醒的观察：在这个时代，拥有一台能联网的电脑，却只用它来娱乐和消磨时间，是对人类历史上最强大的生产力工具最深的浪费。你知道吗？现在一台两三千块的入门电脑，和一台两三万的旗舰机，在获取知识这件事上，差距几乎为零。你打开浏览器能看到的东西，和全球顶尖的创业者、投资人、科学家能看到的,电脑，不需要你花钱买课，不需要你有大量的空余时间。你需要的，只是把一部分原本用来消磨的时间重新定向。每天一个小时，坚持一年，积累下来是三百六十五个小时。三百六十五个小时的有效投入，足够你把一个全新的领域，从门外汉学到能够独立判断的程度。有电脑的人很多，但让电脑真正为自己工作的人很少。这个缺口，就是你的机会。别做数字世界里的流浪者。这台机器，值得被你认真对待。,场景开场:1 | 权威背书:5 | 强反转:1 | 身份分层:1 | 价值升华:1
30,7648608700575288619,2026-06-07T19:08:20,人到中年，学会做减法，不碰三局，不信三话，不帮三人 #资治通鉴 #人性真相 #如果说,332.14,2114,人工终审稿,3858,1879,55,600,直接断言或故事开场,结论收束,《资治通鉴》告诉你：人到中年，不碰三局，不信三话，不帮三人。前半生做加法，后半生该做减法。这话听起来像老生常谈，但你真正活到这个岁数，你会发现，拼了那么多年，到头来，很多消耗你的事根本就不值得碰。先说打死不该碰的三局。第一个，就是让很多人毁掉下半生的——超出认知的赌局。人到中年特别容易焦虑。看见周围人换车、换房，孩子上,正气慢慢消磨干净。有句话说得很直接：你永远叫不醒一个装睡的人，也救不了一个不想自救的人。人到中年，最值钱的清醒，就是想明白这件事：你的时间、精力、善意都是有限的，用在哪里，就在哪里燃烧。有些局不需要入场，有些话听听就算，有些人点头之交就够了。把省出来的那点力气，好好花在真正值得的地方。陪陪家人，把身体养好，做几件这辈子真正想做的事。这才是后半生最踏实的活法。,权威背书:2 | 强反转:1 | 身份分层:3 | 价值升华:1
31,7648992848871722259,2026-06-08T19:58:56,人生最大的陷阱，往往不是无路可走，而是见路就走。 #见路不走 #认知思考 #如果说,318.67,2046,人工终审稿,226724,90756,715,20283,直接断言或故事开场,问题收束,宽门不进，肥田不耕，见路不走，见死不救。这十六个字，一直被很多人奉为寒门逆袭的真正路径。它反人性，却能让人实现流动与跨越。今天咱们不聊其他，单单讲这四个字：见路不走。一旦你真正理解它，你会发现，人生最大的陷阱从来不是无路可走，而是见路就走。什么叫“路”？别人走过的方法叫路，别人总结出来的经验叫路，别人成功之后留下的答案,的。所以你现在知道了，为什么那么多人努力却始终在原地打转。不是他们不勤奋，而是他们走的是别人的路，用的是别人的因，最后当然只能得到一个不上不下的果。“见路不走”，说到底是一种思维方式，不是一个技巧。它要求你在每一个决策面前多停一秒，多问一句：这条路背后的因是什么？我具不具备那个条件？路一直都在，但哪条路上的因跟你自己的条件是匹配的，这件事只有你自己能算清楚。,权威背书:2 | 强反转:1 | 身份分层:1 | 行动收束:1 | 价值升华:1
32,7649314280830979391,2026-06-09T16:46:13,原来重复到极致就是天赋，真是太强大了！突然就开窍了 #重复 #天赋 #认知 #如果说,285.4,1853,人工终审稿,22496,16358,430,8013,直接断言或故事开场,行动号召,原来重复到极致就是天赋。真是太强大了，突然就开窍了。今日话题：原来重复到极致就是天赋。你有没有这种经历？学一样东西学了很久，感觉一直在原地踏步，然后某一天突然就通了。不是慢慢进步的那种，是真正的开窍。心理学上有个词叫“过度学习”。斯坦福有个教授做过一组实验。他让两组学生背同一批单词，第一组背到刚好能默写出来就停，第二组,极致，就是把一件事从“你在做”，变成“它自己发生”。听起来像绕口令，但你真到那个状态就明白了。那种感觉不是“我很厉害”，而是“这件事好像不费力气”。外人看到的是天赋，你自己知道，那是几千遍、几万遍堆出来的不费力气。你今天练到烦、练到想放弃的那件事，总有一天你会发现：手比脑子先动，嘴比脑子先开，身体会替你记住答案。别人说你有天赋，你就笑笑，知道那是什么就行了。,权威背书:2 | 身份分层:2 | 行动收束:1
33,7649729653048888612,2026-06-10T19:38:09,为什么你越想证明什么，恰恰说明你内心在那里最空？ #反者道之动 #道德经 #认知 #如果说,266.6,1700,人工终审稿,147165,56643,849,16185,直接断言或故事开场,问题收束,道不足的人多术，德不足的人多欲，信不足的人多言，威不足的人多怒，而那些爱不足的人，反而多情。一旦你明白了这一点，那么恭喜你，你已经开始慢慢触碰到《道德经》里最核心的智慧：反者道之动，弱者道之用。你有没有发现，生活里有一类人特别爱立规矩，动不动就强调自己的原则和底线，可偏偏这类人最容易被人踩过去。还有一类人，逢人就讲自己,了比眼前这一局更大的棋盘。你回头再看开头那几句话：德不足多术，爱不足多情，信不足多言。这不是在评判谁好谁坏，而是在告诉你一件事：一个人外在呈现出来的那些过度的东西，往往就是他内心真正缺口的位置。看透了这一点，你看人就不会再被表面迷惑；看自己，也会开始问那个真正值得问的问题：我现在执着的这件事，到底是真的重要，还是只是在填一个缺口？这个问题，比任何答案都值钱。,观众镜像:1 | 权威背书:1 | 强反转:6 | 身份分层:3 | 行动收束:1
34,7650089773134138650,2026-06-11T18:55:35,身弱之人越拼越穷？记住：先求印，再求财！ #求印不求财 #身弱 #如果说,354.6,2233,人工终审稿,35254,13747,770,5180,直接断言或故事开场,结论收束,身弱之人，切记求印不求财。不是我不懂命理，而是这句话恰恰跟命理没关系，跟你现在的状态有关。你有没有过这种感觉？忙了一整年，回头一看，账户还是原地踏步，甚至越努力越焦虑，越焦虑越乱决策，越乱决策越破财。很多人以为这是运气问题，其实根本不是，这是顺序错了。所谓“身弱”，不是说你身体不好，说的是一个人的心理状态：容易焦虑，患,轻盈的状态，再重新出发。他从来不是在最焦虑的时候冲，是在最稳的时候动。这才是“端坐纳财”的真实含义。不是不动，是动得准。破局不是要你更努力，是要你先停下来，把底子补好。短期看起来是在退步，甚至是在浪费时间，但根扎深了，树自然长。身弱之人，一旦把这个顺序理清楚，你会发现，以前追了很久追不到的东西，开始主动往你这里靠。不是你变了多少，是你的承载力终于配得上它了。,强反转:2 | 行动收束:2
35,7650451125698710811,2026-06-12T18:17:46,为什么对孩子最好的“托举”，在鲁迅眼里其实也算不上恩？ #鲁迅先生 #家庭 #亲情 #如果说,319.4,2102,人工终审稿,191412,47644,3827,37972,直接断言或故事开场,结论收束,鲁迅的超前之处就在于，就连托举，他都不觉得是恩。我们现在总说：“生养不是恩，托举才是恩。”而这句话在鲁迅先生那里，其实也只对了一半。迅哥在一百年前就写过：“饮食的结果，养活了自己，对于自己没有恩；繁殖本能的结果，生出子女，对于子女当然也算不了恩。”这个逻辑很多人接受了，但接下来他说的话，大多数人没读完。他说，就算是托举,老来有依靠的，是一个心理健康、情感完整的孩子，而不是一个把自己压成空心、靠着愧疚驱动着回家的人。你活得越来越扭曲，那才是对这个家最大的损失。鲁迅那句话，放在今天听起来还是那么硬：生养不是恩，托举也不是恩，因为爱本来就不应该是一笔账。如果你也在这样的家庭里长大，请从现在开始，停止那个没有来由的内疚，守住自己的边界，把那些本来就不属于你的债，还给它们该去的地方。,观众镜像:1 | 权威背书:1 | 强反转:1
36,7650820361054883106,2026-06-13T18:10:35,段永平：“本分”的复利：以“不为”赢大半辈子的反直觉商业哲学 #段永平 #财富思维 #认知边界 #如果说,343.6,2187,人工终审稿,15956,6596,122,1997,直接断言或故事开场,价值升华,段永平说：“决定成功最重要的不是努力，而是坚持做对的事情，把事情做对。”今天我们要聊的，就是中国商业市场的隐形教父——段永平。他二十八岁缔造小霸王，三十四岁创立步步高，亲手带出了OPPO、vivo，还有拼多多的黄峥。但在四十岁事业最巅峰的时候，选择回归家庭，彻底隐退。你可能以为这个人会消失在历史里，结果他从幕后几美分抄,写着“TooHard”，太难。百分之九十的机会都直接扔进去。这种“不为”，表面上看是在放弃机会，本质上是在保全一个人最稀缺的东西——专注力。段永平曾经说，他从来没有什么远大的人生目标，就想把日子过好。但恰恰是这种看似漫不经心的平常心，让他在几十年的商业时间里，几乎从不在同一个地方跌倒两次。所谓向后的力量，不是退缩，是在你伸手之前，先学会怎么砍掉不该要的东西。,强反转:2 | 身份分层:4 | 替观众质疑:1 | 行动收束:1 | 价值升华:3
37,7651189369163894043,2026-06-14T18:02:34,知道心邪者多疑的下一句吗？心邪者多疑，量小者易怒，才疏者好辩 志短者长怨#认知 #古代智慧 #史记 #道德经 #如果说,290.41,1821,人工终审稿,64894,21897,345,7816,直接断言或故事开场,结论收束,知道“心邪者多疑”的下一句吗？心邪者多疑，量小者易怒，才疏者好辩，志短者常怨。这四句话，其实说的是同一件事：一个人身上最藏不住的东西，是他内心真实的格局。你别觉得这是在说别人。生活里有一种人，特别容易在别人的话里找问题。同事随口说一句“今天状态不错”，他能想半天：“是不是在暗示我平时状态差？”领导开会表扬了别人，他回去,所有的解释权都交给了外部。这是最省力的活法，也是最耗人的活法。《道德经》里有一句话叫：“胜人者有力，自胜者强。”打败别人靠的是力气，打败自己靠的是格局。项羽一生赢过无数人，但从来没有赢过自己。心邪者多疑，量小者易怒，才疏者好辩，志短者常怨。这四句话说的不是四种人，说的是同一个人在不同时刻的状态。我们每个人身上，或多或少都有这些影子。看见它，才能不被它带着走。,价值升华:1
38,7651567388554431763,2026-06-15T18:29:24,改运的本质：破除“倒果为因”，由外求转向内求 #改运 #人生感悟 #个人认知 #如果说,328.51,2162,人工终审稿,3091,1352,22,367,直接断言或故事开场,行动号召,其实改运根本不用去拜大师。人生所有的不顺，根源都是你一直在做“倒果为因”的傻事。佛家讲因果，最根本的就是一条：自作自受。你别光听这四个字就害怕。完整的内容是：自福自求，自业自消，自命自立，自主自运，自正自得。说白了，你就是自己命运的唯一负责人、唯一靠山。我先讲一个故事。以前有一名非常出色的雕刻家，总能完成惊世骇俗的作品,他在最绝望的处境里，用命换来的结论。你不需要去贵州，但你可以从今天开始，每天晚上问自己一个问题：我今天做的哪一件事，是在种因，还是在追果？这个问题问多了，你会发现，你慢慢开始有一种感觉：知道什么事该做，什么事是在骗自己。这种感觉，就是你和自己之间开始建立信任的信号。改运的本质，从来不是去外面找什么，而是往内把那些挡路的石块凿掉。大卫一直在那里，你也一直都在。,大白话翻译:1 | 权威背书:1 | 强反转:3 | 行动收束:1 | 价值升华:1
39,7652000331357883682,2026-06-16T22:29:40,天赋不会消失，消失的是那个心气 #天赋 #心气 #个人成长 #如果说,300.16,1986,人工终审稿,3848,1466,18,424,暴论或断言开场,行动号召,天赋不会消失，消失的只是心气。大家可能听过一句话：“再不努力的话，你的天赋就会被收走。”但实际上，天赋是不会消失的，消失的是你的心气。你有没有发现，一个人状态最好的阶段，做什么都顺，脑子转得飞快，别人觉得难的事，你觉得不过如此。那不是运气，那是心气在给天赋供能。天赋是发动机，心气才是燃油。燃油一断，发动机再好，也只是一,了。这很正常。不要因为反复，就否定之前所有的积累。心气恢复从来不是一条直线，它是螺旋上升的。你只需要保证总体是在往上走的，就够了。我不会跟你说三天就能恢复，也不会跟你说坚持三十天就脱胎换骨。没有那么快，也没有那么简单。你可以休息，可以自嘲，可以暂时什么进展都没有。但心里要记住一件事：你是有一条路要走的。那把剑还在，只是暂时埋着。可以失败，但随时可以重新出发。,暴论或断言开场:1 | 观众镜像:1 | 权威背书:1 | 强反转:2 | 行动收束:1
40,7652356227367767338,2026-06-17T21:30:33,真正厉害的人，都懂得：慢慢来。事缓则圆，人缓则安，语迟则贵 #焦虑 #人间清醒 #思考 #如果说,336.06,2161,人工终审稿,13011,5968,117,1877,暴论或断言开场,结论收束,真正厉害的人，都懂得慢慢来。事缓则圆，人缓则安，语迟则贵。身处低谷的时候，你误以为生活是个磨盘，将你碾碎。后来才明白，生活只不过是在教你细腻，并帮你呈上人生的细节，避免你太过粗糙地度过这一生。人生总有起起落落。当努力了许久仍然没有转机的时候，不必灰心丧气。别忘了，有一种欣喜叫触底反弹，有一种快乐叫柳暗花明，还有一种定数,己做决定。一件事一件事做扎实，一个阶段一个阶段走踏实。时间到了，结果自然就出来了。当你把注意力从“我什么时候能成”，转移到“我今天做了什么”，焦虑会少很多，进步反而会更稳。慢慢来，不是让时间替你解决问题，而是让你有足够的空间，做出更好的判断，说出更有分量的话，走出更稳的每一步。急，是因为不够相信自己。慢下来，才是真正的自信。别着急，沉下来。慢慢来，慢慢变好。,暴论或断言开场:1 | 观众镜像:2 | 权威背书:3 | 强反转:4 | 身份分层:1 | 价值升华:2
41,7652699613761228083,2026-06-18T19:43:05,什么才是真正的胜败荣辱绝学 #国学智慧 #独立思考 #止学 #如果说,572.42,3539,人工终审稿,117631,41681,1282,13809,直接断言或故事开场,结论收束,你不信风水，就很难成事。你知道李嘉诚之所以能成为香港首富，是因为他的办公室后面挂了两个字，那就是“知止”。所以你知道吗？真正的强者，从来不会站在山顶跳舞，而是在距离悬崖三步之时转身离开。你们仔细想一想，有多少人是在跟领导打交道的时候，多说一句话而毁掉前程？有多少人是在亲密关系中，用了无数的“我为你好”而逼走了爱人？又有,能静，静而后能安，安而后能虑，虑而后能得。”翻译成大白话，就是你得先知道在哪里停，才能稳下来；稳下来了，才能静得下心；心静了，才能真正想清楚；想清楚了，才能真正得到你想要的东西。所以，知止不是停下来不动，而是在最关键的节点上，做出最清醒的判断。知止不是退缩，是更高级的进取；藏智不是愚钝，是更深邃的清醒。你越能在该停的时候停下来，你就越能在该走的时候走得更远。,大白话翻译:2 | 权威背书:2 | 身份分层:4 | 行动收束:1 | 价值升华:4
42,7653052955993656628,2026-06-19T18:34:14,如何在没正反馈时坚持？ #执行力 #坚持 #个人成长 #如果说,420.37,2737,人工终审稿,82234,40710,480,7194,直接断言或故事开场,问题收束,如何在缺少正反馈的情况下，依旧保持极高的执行力，去坚持做一件事情？你只需要记住这句话：“明道若昧，进道若退。”在努力一段时间之后，人会陷入一种极度的自我怀疑。那种感觉，就像是在黑夜里蒙着眼睛走路。你拼命地往前迈步，却感觉不到任何阻力，也看不到任何路标，甚至怀疑自己是不是一直在原地打转。这时候，那种想要放弃的冲动会变得非,期最有效的武器。只要你的回路没有断裂，只要你还在持续地往这个系统里输入，成功概率就在发生改变，只是还没有到你能看见的那一刻。所以下次，当你又陷入那种感觉，觉得自己像在原地打转，觉得努力没有任何意义，先停下来问自己一个问题：我现在是真的走偏了，还是只是还没到反馈到来的那一刻？如果是后者，答案很简单：保持节奏，等待信号。只要系统还在运转，胜利就只是一个时间问题。,权威背书:1 | 强反转:3 | 行动收束:2
43,7653429133493439786,2026-06-20T18:54:01,心不死道不生，想觉醒1%靠别人提醒，99%靠千刀万剐 #国学文化 #心学 #认知 #如果说,382.93,2491,人工终审稿,36395,12761,420,4131,直接断言或故事开场,行动号召,一个人觉醒，百分之一靠别人提醒，百分之九十九靠千刀万剐。真正能让人如梦初醒，看透人情世故和世界真相的，只有经历吃亏、后悔、受伤和低谷的绝境。就像《道德经》里说的：“心不死，则道不生。”一个人在陷入绝境之前，总还抱着各种幻想和期待。我们指望亲情、友情、爱情能拉自己一把，幻想有人能拯救自己于水火。但现实通常很残酷。我们会发,凡是真正走出来的人，几乎都经历过同一件事：某一刻，他们停止了向外要答案，开始认真对待自己内心那个一直被忽视的声音。最后说一点：这篇不是在美化苦难。苦难就是苦难，它本身没什么值得庆幸的。但如果你现在正好在某个低谷里，有一件事值得记住：让你改变的，从来不是那个痛苦，而是你在痛苦里做的那些选择——是逃，是看，还是慢慢想通。心死，道不生。当幻想死了，你才真正开始活。,权威背书:1 | 强反转:1 | 身份分层:2 | 替观众质疑:1 | 行动收束:1
44,7653813315168259334,2026-06-21T19:44:51,为什么算命先生能算准你的人生？云谷禅师一句话，戳破了所有凡夫 的遮羞布#传统文化 #命数 #人生感悟 #认知 #如果说,448.24,2887,人工终审稿,4803,1560,184,715,提问开场,问题收束,有没有喜欢算一算的朋友？你觉得是算得准好，还是算得不准好？你觉得人生剧本是可以改变的吗？大家怎么想，可以把自己的想法写在评论区。关于人生剧本，有两种完全不同的说法。一种是“万般皆是命，半点不由人”；另外一种是“我命由我不由天”。但是我更愿意相信后者。今天的故事来自《了凡四训》。这其实是一个叫袁了凡的人写给儿子的四则家训,是定的，这个问题没有答案。但我知道的是，只要你认为它是定的，它大概率就真的定了，因为你不会去改变。只要你觉得它可以变，你就会去做。哪怕只是一小步，轨迹就真的有可能不一样。《周易》里有一个字，很多人不知道，其实是全书的核心，就一个字：“变”。世间唯一不变的就是变。如果你能变，运就能变；如果你不变，算命先生永远比你更清楚你的下一步。所以，你到底想不想让他算不准？,提问开场:1 | 观众镜像:1 | 权威背书:2 | 强反转:1 | 身份分层:1 | 行动收束:1 | 价值升华:4
45,7654183060182682890,2026-06-22T19:39:33,为什么你越想越心烦？道门114字冰心诀，专治现代人的精神内耗 #道家 #静心 #认知 #修心修行 #如果说,470.31,2953,人工终审稿,228503,116752,1304,28931,提问开场,结论收束,你知道，道家对于胡思乱想和心烦意乱，其实是有心法口诀的，只是很多人不知道。市面上很多人教的冥想、静心这些西洋玩意，其实根本就没有我们老祖宗的东西好。所以今天我要说的是道门的《冰心诀》。如果最近真的是感觉非常烦躁，感觉自己的心火被人一点就着，自己根本就无法定心的朋友，那么今天这个视频，我保证对你绝对有用。这个口诀一共只有,头；即展眉头，灵台清幽；心无挂碍，意无所执；解心释神，莫然无魂；水流心不惊，云在意俱迟；一心不赘物，古今自逍遥。”114个字，建议你把它存下来，或者直接背下来。不用强求什么感悟，就当一个工具用。烦躁的时候念一遍，让自己的注意力有个地方可以落，比你对着天花板想东想西有用得多。能背下来当然更好，背熟了之后你会发现，某些时刻它会自己冒出来，那个时候才是真的用上了。,提问开场:1 | 观众镜像:2 | 强反转:5 | 身份分层:1
46,7654536155693649202,2026-06-23T18:29:45,为什么普通人很难打破业力循环？ 为什么努力没有结果？ #业力 #行动 #付出 #如果说,259.48,1681,人工终审稿,2026,962,23,253,提问开场,问题收束,为什么普通人很难打破业力循环？因为好多人压根就没把业力搞明白过。一说起业力，大伙就只会想到善有善报、恶有恶报，觉得全是前世种下的因，才有现在受的苦。但你有没有发现一件事？所有相信业力是记账本的人，生活都有一个共同的模式：一遇到困境，第一反应不是去改变，而是去解释。解释这是命，解释这是前世的因，解释这不是自己的错。这个解,从来没有真正看清楚你和目标之间的距离，也从来没有把行动当成了解那段距离的工具。你每次行动，都只是在应对那股拉扯的痛苦，痛苦一停，你就停了。但如果你能把每一次行动都当成一次认知的采集——今天我走了这一步，我看见了什么？发现了什么？哪里卡住了？——你对那段落差的认知就会越来越清晰。而对落差越清晰，那股拉扯你的惯性就越来越没有办法拿捏你。这就是业力真正的运作方式。,提问开场:1 | 观众镜像:1 | 权威背书:1 | 身份分层:2 | 行动收束:1
47,7654924170920283407,2026-06-24T19:35:32,如何克服内心的空虚感？ #空虚 #迷茫 #提升自己 #如果说,337.83,2228,人工终审稿,6639,2838,55,696,直接断言或故事开场,价值升华,一个人之所以会感到空虚，就是因为他不认同当下的自己。你总觉得自己应该做点什么，你总觉得自己应该做点改变。而这种空虚感，恰恰是你成长的开始，因为这代表你开始有了觉知。所以今天我们来分享，让你从空虚走向自洽的方法。你有没有发现一个问题？就是你20岁之前，基本感受不到空虚感，但是你成年了以后，就会有大量的空虚感向你涌过来。这,在那个人的生命里留下了一点什么。这种感觉会让你觉得，自己的存在是有意义的。人一旦感觉到自己在这个世界上有位置，空虚就很难再占据你。最后说一句很朴实的话：你这一生能带走的，不是你赚了多少钱，不是你住了多大的房子，而是你真实经历过什么、感受过什么、创造过什么。空虚的解法，说到底就是这三件事：知道自己为什么而活，每天给自己一点主动权，还有去做一件属于你自己的东西。,观众镜像:1 | 权威背书:2 | 强反转:2 | 身份分层:1 | 价值升华:2
48,7655286121772993844,2026-06-25T19:00:06,为什么真正厉害的人不显摆？因为他们都懂的大象无形 #道德经 #传统文化 #认知思考 #如果说,251.5,1633,人工终审稿,95524,35448,619,13770,直接断言或故事开场,问题收束,你驾驭不住的东西才会显相：情绪驾驭不住，则怒气挂脸；财富驾驭不住，则铜臭外露；权力驾驭不住，则盛气凌人。老子说“大象无形”，什么意思？《道德经》告诉你：凡你所显之相，皆因内在缺失；内合道，无形无名，无有所显，是为大象无形。这句话我琢磨了很久，越想越觉得它在说一件特别具体的事：你往外显什么，你就在被什么控制。你有没有注意,我为什么需要让别人知道这件事？这一问，很多冲动就自动退了。因为你会发现，绝大多数的“显”背后，都是一个需要被认可、被看见、被证明的焦虑。当你不再焦虑，那个东西自然就沉下去了。沉下去的，才是真正属于你的。最后说一句：“大象无形”，不是没有象，是象太大，大到不需要用言语去标注它、用行为去证明它、用外在去托举它。内在真的有了，它就在那儿。你不用显，别人也感受得到。,权威背书:1 | 行动收束:1 | 价值升华:2
49,7655679512360881448,2026-06-26T20:26:40,为什么穷人越穷，富人越富？ #国学文化 #道德经 #认知提升 #如果说,370.6,2303,人工终审稿,18869,7060,157,1948,提问开场,结论收束,为什么钱都流向了不缺钱的人，爱都流向了不缺爱的人？老子有句话，杀气很重，但一针见血，揭开了这些问题的答案：“天之道，损有余而补不足；人之道则不然，损不足以奉有余。”这句话点破了世界的运行规则和人类社会的生存之道，也给了我们一套摆脱“不足”的方法论。在天之道里，它是追求平衡的：强的会被削弱，弱的会被补足。你看兔子和老鼠，,，天道和人道这两套规律不是非此即彼的，而是需要同时理解、同时运用。天道告诉你，别做出头鸟，但要持续成长；人道告诉你，起点不重要，但第一个雪球你必须自己捏出来。最后这句话说给还在纠结要不要开始的人：你现在还处在不足的那一侧，这一点都不可怕。可怕的是，你把所有精力放在证明这个系统不公平上，而没有花一分钟去想，怎么让这个系统为你工作。想要改变，最好的时机就是现在。,提问开场:1 | 权威背书:3 | 强反转:1 | 身份分层:1 | 替观众质疑:1
50,7656051023496236328,2026-06-27T20:28:22,为什么“顺其自然”根本不是躺平，反而是世上效率极高的活法？ #道德经 #无为 #认知思考 #如果说,330.84,2103,人工终审稿,12644,4725,91,1141,直接断言或故事开场,结论收束,你接受什么，什么就消失；你对抗什么，什么就存在。很多人可能都有过无力的时候：竭尽全力想做好一件事，结果却失败了；掏心掏肺对一个人好，后来却被辜负了。为什么会这样？或许是因为“我执”太重。而人生有一种顶级心态，就是《道德经》里说的“无为”。但我猜你现在脑子里冒出来的第一个问题是：无为不就是躺平吗？什么都不做，顺其自然，最,的躺平，是消极避世；只有拼命有为，但内心焦虑翻涌、患得患失，那是内耗。你使出去的每一分力，有一大半都折在自己身上了。真正高效的状态，是内心稳，手上动；是看清了骨缝在哪里，然后那一刀下去，不偏不倚。你接受它，它就消失了；你死磕它，它就一直在。这不是叫你认命，这是叫你把力气用对地方。一个人能走多远，从来不只取决于他有多拼，更取决于他有多少力气，是真正用在了路上。,强反转:6 | 身份分层:2 | 价值升华:1
51,7656428018444881193,2026-06-28T20:51:17,斩三尸：斩善之无善，斩恶之正恶，斩我之非我 #道德经 #三尸 #斩三尸 #认知 #如果说,315.54,2018,人工终审稿,71491,27522,1076,10095,直接断言或故事开场,价值升华,斩善之无善，斩恶之正恶，斩我之非我。大部分人听说过“斩三尸”，但很少有人跟你说明白：善尸，是“应该如此”的规矩；恶尸，是“我想要”的本能；自我尸，是“自我”的幻觉。今天我就来告诉大家，斩三尸不是杀掉三只恶鬼，不是消灭欲望，更不是变成无情无欲的木头人。你有没有想过，这三样东西其实本来都不是极端的错误？善、欲望、自我意识，,，有了善恶分别，和世界产生了距离，这是第二阶段。而斩三尸是第三阶段：你经历了所有的分别，经历了所有的执着和痛苦，最后你认清了这些执念的本质，选择放下。不是因为没有经历，而是经历了之后还是选择回归。这和婴儿的那种无知，是完全不同的东西。婴儿不知道自己在哪里，觉悟的人知道。斩三尸不是为了成仙，就是为了让你做一个真正自由的人，活得不那么拧巴，活成你本来该有的样子。,权威背书:2 | 强反转:2 | 身份分层:1 | 价值升华:5
52,7656767056066514191,2026-06-29T18:46:51,六句话让你想明白人生，做到心灵智慧的觉醒 #觉醒开悟 #自我提升 #人生感悟 #如果说,428.28,2676,人工终审稿,2681,998,21,341,直接断言或故事开场,结论收束,有一件事，是大部分人只有到临死之前才能想通：人生其实就是一场意识的修行。生命只是为了体验，一切缘来缘去，所有的经历都是来丰富自己、成就自己、圆满自己的，所有的体验都是来度自己的。借事炼心，随缘了业，这才是成长。所以真正的成长，其实是心灵的成长；智慧，是心灵的智慧。今天我想用六句话，让你真正想透自己的人生。听完后，你对很,才能在任何变化里都做出清醒的选择。随缘不是失去方向，是在方向清楚的前提下，不被结果绑架。你盯着的是你在做什么，而不是它会怎样结束。一切世事变化无常，懂得随缘，你就不慌。这不是玄，这是一个人和自己，以及和这个世界相处的方式。说起来都不难，难的是在真实的生活里，在你真的慌了、乱了、疼了的时候，还能想起来用。但方向对了，早晚都会安一方静好，不惊扰世界，不辜负自己。,权威背书:4 | 强反转:5 | 身份分层:1 | 价值升华:5
53,7657140857685986602,2026-06-30T18:57:24,世间真正可怕的人，从不与人争 #国学文化 #道德经 #认知 #如果说,335.65,2151,人工终审稿,7332,2770,88,930,直接断言或故事开场,结论收束,凡是负能量的东西，都不要去回应。回应就是和它纠缠，纠缠就会被损耗。只要你不接招，所有的恶念都会原路返回。不被负能量消耗的本质，其实就在老子《道德经》第二十二章强调的：“夫唯不争，故天下莫能与之争。”这句话听起来有点悬，但我跟你讲一个历史上真实发生过的故事，你就懂了。唐朝有个宰相叫娄师德，这个人脾气特别好，从来不跟人红脸,争”从来不是让你压抑自己，更不是让你做老好人。它的核心是，你要先看清楚整个局面，再决定要不要出手，而不是被情绪牵着鼻子走，遇到什么都想争一下。老子在《道德经》最后一章说：“天之道，利而不害；圣人之道，为而不争。”意思是，天道运行的原则是滋养万物却不伤害，圣人做事的原则是有所作为，却不去争夺。希望你以后遇到那些消耗你的人和事，能先冷静三秒钟，再决定要不要接招。,结果承诺:1 | 强反转:8 | 身份分层:1 | 替观众质疑:1
54,7657547366643272986,2026-07-01T21:14:54,陈抟老祖心相篇，带你看清自己也是看清他人 #心相 #开窍 #改变 #揭秘 #如果说,329.07,1942,人工终审稿,16636,5504,332,1972,直接断言或故事开场,行动号召,脸上有三个特征的人，注定命里带金。这个不是什么封建迷信，而是老祖宗早在一千多年前，就已经看透了的识人秘法。你在外面花了大价钱找的那些江湖相师，用的基本上也都是这个术。所以今天这个视频，我帮你省的可不仅是那些去看相的冤枉钱，并且会带你真正去领悟，如何能够看透人心的终极秘诀——道家陈抟老祖的《心相篇》。很多人都认为看相就是,的是保全自己？每个人身上或多或少都能找到这些影子。命运从来不是生下来就定好的，它是你每一天的选择，一点一点累出来的。今天少占一次便宜，是在给自己积一分信；今天多扛一次责任，是在给自己攒一分气；今天对人宽容一次，是在给自己种一份福。这些东西不会立刻显现，但它们都在一分一分地记着。所以《心相篇》说到底不是在算命，是在告诉你一件事：你现在是什么心，将来就是什么命。,身份分层:1 | 替观众质疑:1 | 行动收束:1 | 价值升华:1
55,7657925270267006243,2026-07-02T21:41:19,做人的最高境界 #悟道 #人生之道 #思考 #如果说,284.27,1772,人工终审稿,29446,10430,160,3228,直接断言或故事开场,结论收束,做人的最高境界，是痛而不言，笑而不语，惊而不乱。痛而不言的人是勇者。没有痛过的人，永远脆弱，也永远天真。正像一棵树结痂的地方最为坚硬，人受伤了之后，也会更为勇猛。《道德经》里有一句话，老子说：“胜人者有力，自胜者强。”打败别人不算什么，真正强大的人，是那种能打败自己的人。打败自己的什么？打败自己想喊痛、想逃跑、想放弃的,累判断力。韧性、格局、判断力，这三样东西加在一起，就是一个人真正的成熟度。不是年龄带来的，是经历带来的，是你每一次咬牙撑过去之后留下来的那些东西。你现在有多痛，将来就有多稳；你现在忍住的那些话，将来都会变成你的气场；你现在按住的那次慌乱，将来遇到更大的事，你会发现自己还撑得住。就这样一点一点把自己变成那种，你自己都没意识到从什么时候开始，已经很难被撼动的人。,观众镜像:1 | 权威背书:3 | 强反转:2 | 身份分层:3 | 替观众质疑:1 | 行动收束:1
56,7658266531562671412,2026-07-03T19:45:35,为什么老祖宗的十条人生总结，竟然没有一个字提到“努力”？ #人生经验 #前人智慧 #思考 #如果说,408.87,2548,人工终审稿,3765,1530,34,377,直接断言或故事开场,价值升华,一命，二运，三风水；四阴德，五读书；六名，七相，八敬神；九交贵人，十养生。老祖宗这十点人生总结，为什么就没有一点说的是努力呢？我们乍一看，感觉老祖宗不是说命就是谈运，要不然就是扯上风水、阴德和鬼神，似乎充满了宿命的味道。是因为他们身处流动性极小的古代，只能用这些观念来寻求安慰？还是说，他们早已经看破了我执，懂得了顺天应,也不只是身体，是你整个人的生命力，是那种让你每天早上起来，还有劲儿去做事情的状态。所以你回过头再看这十条，哪一条是在让你躺着？认识自己，识别势头，管好环境，低调利他，持续读书，建立标签，打磨状态，守住信念，交换价值，保持生命力。条条都是行动，条条都需要你持续去做。老祖宗不谈努力，不是因为他们不努力，是因为他们早看穿了：把力气用错地方的努力，不叫努力，叫消耗。,权威背书:5 | 强反转:2 | 身份分层:2 | 行动收束:1 | 价值升华:3
57,7658628033149930793,2026-07-04T19:08:22,觉醒就是，一个一个地打破你曾经深信不疑的东西 #国学智慧 #人生感悟 #内修 #如果说,678.27,1898,人工终审稿,18402,8402,232,2466,直接断言或故事开场,问题收束,觉醒的第一步不是修，是破。很多人搞错了，以为觉醒的第一步是要开始修炼自己，但其实不对。第一步得先破相。我们说“不破不立”，如果你没有破，我接下来说的这六种相，修了也是白修。先说第一个，破是非之相。你知道吗？这个世界上根本就没有绝对的真相，只有立场和视角。你和身边某个人产生了矛盾，你觉得自己100%是对的，对方也觉得自己,破的幻觉。当你活出完全属于自己的节奏那一刻，你就升级了。所以说，觉醒是什么？不是你吃了多少苦，不是你读了多少书，不是你跟了多少大师、信了多少方法。觉醒就是一个一个地打破你曾经深信不疑的东西，然后问自己：如果我一直以为对的事情，其实并不对呢？破一相，就是一次重生。每破一个，你就轻一分；每轻一分，你就离真正的自己近一点。不用等到全想清楚了再开始，边走边破就够了。,权威背书:1 | 强反转:1 | 行动收束:1 | 价值升华:1
58,7659021467580960010,2026-07-05T20:35:08,如果一直没有遇到特别喜欢的人，那你已经进入了一种境界 #智者不入爱河 #情感 #禅悟人生 #如果说,258.88,1679,人工终审稿,60998,16507,998,13520,场景开场,问题收束,如果你一直都没遇到让自己特别喜欢的人，恭喜你，那是人生的一种境界。所谓“智者不入爱河”。真正成熟圆满的人，内心不匮乏，他们也就没有了需求，可以本自具足，可以自得其乐。你很喜欢的人，往往是你内心非常欠缺、非常向往的那一点特征，所以你特别心动，你很想得到。可你越在意的东西，往往越容易失控。《金刚经》里面有说：“应无所住，而,心真正丰盈的标志，不是有多少人喜欢他，也不是他能谈多少段感情，而是他在没有任何人的时候，依然觉得生活是完整的。你不需要靠一段感情来证明自己的价值，也不需要靠某一个人的喜欢，来让自己觉得“我是值得被爱的”。如果你现在正好处于一段感情里，不妨停下来问问自己：我喜欢他，是因为他这个人，还是因为他恰好在我最需要的时候出现？这一个问题的答案，比你们牵手多少次都要重要。,场景开场:1 | 权威背书:1 | 强反转:2 | 身份分层:1 | 价值升华:3
59,7659382845609119016,2026-07-06T19:57:31,“强”是脆弱之源，“弱”才是方法论 #国学文化 #道德经 #独立思考 #如果说,371.83,2357,人工终审稿,4075,1773,28,423,直接断言或故事开场,结论收束,世界其实是反的。那些你走不出来的困境、过不去的坎，答案都在它的反面。《道德经》里“反者道之动”，揭示了一个彻底颠覆我们常规认知的秘密：这个世界真正的运作规律，往往是反向的。你可能从来没想过，要想在人生这场游戏里成为最后的赢家，最顶级的策略，不是我们从小被灌输的要努力拼搏、要当第一，而是知道怎么理解和运用“弱”。这听起来,威、直接压；另一种是弱者模式，先听完，找到对方真正在乎的点，再从那里切入。对比两种结果，感受一下哪个更接近你想要的。两种模式没有好坏之分，只有合不合这个场合的区别。这种推演做多了，慢慢就能理解不同工具在不同场景下的分量，强弱在手里用起来，也就越来越得心应手。道的运动是反向的，这是天道；弱，是让你在这个反向的世界里持续运转的方式。不是让你变弱，是让你学会用弱。,结果承诺:1 | 权威背书:1 | 强反转:5 | 身份分层:8 | 价值升华:1
60,7659780318336929065,2026-07-07T21:39:53,清醒自知，从容自在，心有山海，静而不争 #人生境界 #独立思考 #思维格局 #如果说,281.25,1767,人工终审稿,73566,28865,692,16566,直接断言或故事开场,结论收束,天道中有这样一句话：低境界的人活在情绪里，中境界的人活在价值里，而高境界的人活在规律里。第一种，就是活在情绪里的低境界的人。遇事先发脾气，不顺就摆脸色，一句闲话就被扰了心神，一点得失就会乱了阵脚。开心了，那就晴空万里；烦躁了，就暴雨倾盆。这样的人，情绪就像无根的浮萍，飘到哪儿算哪儿，人生也就乱到哪儿。当你把脾气当成本能,有什么可以拿走的；赢了不飘，败了不垮。这不是冷漠，是真的看透了。大多数我们以为天塌了的事，五年后回头看，都只是一个过程。活在情绪里的人，让感受做主，一辈子在原地转圈；活在价值里的人，让事情做主，走得稳，但容易走窄；活在规律里的人，让心掌舵，知道要去哪儿，也知道怎么去。不困于情绪，心才有空间；不迷于表象，路才走得远。这不是什么很高的境界，这是可以练出来的能力。,权威背书:1 | 价值升华:2
61,7660122335013276971,2026-07-08T19:47:03,当下即终局，不要把自己困在结果里 #国学文化 #道德经 #思考认知 #如果说,327.81,2075,人工终审稿,5888,3081,62,975,直接断言或故事开场,结论收束,未来的一切，都是折叠在当下的每一个动作当中，这便是“当下即终局”。这是《道德经》给我最大的启发，也是《道德经》第六十四章想要阐述的道理。有时候我想，为什么我们不能坚持？尤其听了那么多长期主义，可是到自己身上却做不到。问题不在于不努力，而是在于我们脑子里面天然存在一个“进度条”的概念。比如，人生所有的追求是一个进度条，赚,老老实实完成那个最核心的基本动作。想要过好这一生，你能做的，不过是今天把该解决的问题解决好，坚持去做对的事情。根本不用操心，也不用幻想未来的结果。找到一件事最核心的那个动作，沉进去，重复。当这个智慧真正融入生活，你做的每一个动作，不再是达到某个数字的手段，它本身就成了目的，本身就变成了圆满。就在此刻，每一个微不足道的基本动作里，你已经完整拥有了你想要的一切。,强反转:1 | 身份分层:1 | 行动收束:1 | 价值升华:3
62,7660468197740596532,2026-07-09T18:09:09,修习内求的三个心法：内观，内守，内定 #独立思考 #成长之路 #向内求 #如果说,299.88,1881,人工终审稿,59185,31304,415,6890,直接断言或故事开场,结论收束,有一个能力，你一旦掌握了，你的人生会瞬间跨越至少一个阶级。这种提升是实实在在且全方位的，从个人水平到生活品质，再到内心的幸福感。反之，如果你缺乏这个能力，即使你运气好，曾经拿到过一些结果，也会在几年之内被打回原形。这个能力叫什么？就是向内求。想掌握这个能力，总共三个心法：内观、内守、内定。而向内求的思想，来自我们中国一,自己就散了。这个时候，所有的噪音会消失，你就能听到内心真正想要什么的那个声音。这三件事，内观、内守、内定，说起来是三步，但本质上是一件事：把你有限的心力，从向外耗散收回到向内积累。你的对手从来都只有你自己。外界的一切只是一面镜子，照的是你的内在。当你把所有的时间和精力，真正花在一件事情上，把它做精、做透，你自然会在里面走出自己的路。这条路，才是真正属于你的。,价值升华:4
63,7660896909606849807,2026-07-10T21:52:55,为什么说“慕强”只是人生的最低级阶段？真正走到最后的人，都在 慕空#认知思考 #道德经 #开悟 #精选计划 #如果说,383.83,2410,人工终审稿,33155,13856,380,4502,直接断言或故事开场,价值升华,弱时慕强，强时慕智；智时慕觉，觉时慕空。这十六字真言，道尽了每个人人生的四个阶段。这是一座拾级而上的金字塔，越往高处，行人越稀。多数人穷尽一生，也只徘徊于山脚；少部分人跌跌撞撞，勉强攀至半山腰；而真正走到最后的，少之又少。至于你最终能抵达何处，全凭各自的悟性与造化。一个人最开始对世界的理解，往往只有一个字：强。没钱就拼,攀附，反而看见了更大的东西。《道德经》说得准确：“为学日益，为道日损。”学问越做越多，但道是越走越少。少的是执念，少的是分别，少的是“我”。这就是空。不是什么都没有，而是万物经过心头，却不在心里扎根。弱的时候追求力量，强的时候追求规律；看见规律之后追求觉悟，真正觉悟之后追求留白。人的成长不是一路向上爬，而是一路向内走。走到最后，你放下的越多，生命反而越辽阔。,强反转:5 | 行动收束:2 | 价值升华:3
64,7661179181669092642,2026-07-11T18:10:00,一个人见过世面最好的状态就是挫其锐，解其纷，和其光，同其尘 #道德经 #和光同尘 #认知 #独立思考 #如果说,307.97,1939,人工终审稿,58390,24299,393,7073,直接断言或故事开场,结论收束,一个人见过世面最好的状态是什么？《道德经》用一个词概括，那就是“和光同尘”。你身边有没有这样一种人？他看上去没有任何攻击性，但是你就是觉得他很厉害，而且跟他相处，你觉得很舒服。这才是真正见过世面的认知高手。这可不是说让我们同流合污、稀里糊涂地混日子，而是一种顶级的智慧和修行。要想达到这个境界，就得经历这四个过程：挫其锐,这四步，其实是在做同一件事：把“我”一层层地剥掉。挫其锐，剥掉的是好胜的我；解其纷，剥掉的是执着于自我视角的我；和其光，剥掉的是嫉妒的我；同其尘，剥掉的是傲慢的我。剥完了，剩下的那个人没有攻击性，但你就是觉得他厉害，跟他在一起你会觉得舒服。这就是和光同尘。不是让你变得暗淡，而是成为光本身。你可以照亮自己，也可以温暖别人，也可以融入任何一束光，接纳任何一粒尘。,强反转:4 | 身份分层:4 | 价值升华:1
65,7661605040515321138,2026-07-12T19:40:43,怎么做到永远不生气，对事量权，对人揣情 #鬼谷子 #中国古代 #认知提升 #如果说,338.7,2122,人工终审稿,5129,2136,44,569,直接断言或故事开场,问题收束,鬼谷子说，人怎么能做到一辈子不生气？鬼谷子在《揣篇》里面说：“古之善用天下者，必量天下之权，而揣诸侯之情。”人很多时候，不过只是情绪、欲望和恐惧的集合。这句话想通了，你会发现，你之所以觉得愤怒，觉得身边的人不可理喻，归其原因，是你认为人是讲道理的。你拿着数据去说服老板，他还是大发脾气；你和伴侣好好地说话，他还是死不认账,，让他说你行。这个执念打哪儿来？跟那个冲你摔门的人，跟那个打死不开口的人，根源上是同一棵树长出来的：怕被人小瞧，盼着被人瞧见。绕了这么大一圈才发现，你跟他其实没什么两样，都被同一种东西拽着走。所以鬼谷子这套学问，核心不是教你把别人看穿，而是让你先把自己看清。你知道自己在怕什么，你不用急着赢，你才真的能说进去，才真的能把事做成。看清自己，才是揣情最深的那一层。,结果承诺:1 | 强反转:3 | 身份分层:3
